Train Loss, time
5.03045902226726,2.2923812630000002
5.780930529650494,1.664511292
4.812455019575904,1.744084
4.71332618213281,1.7186086170000001
4.650588520943007,1.68204608
4.600832578370182,1.857075881
4.616249724705292,1.722851616
4.582284451257904,1.7754497169999999
4.577374249337105,1.615881723
4.559813742331452,1.8380711239999998
4.548572533504225,1.6730806550000001
4.557243633073132,1.52215058
4.5222598912517595,1.747398306
4.529246460374166,1.68490383
4.493676626246673,1.756376424
4.449139111539623,1.771663564
4.479512557776666,1.5853676970000001
4.501448085184746,1.686923095
4.436676417086488,1.760623418
4.514023087919695,1.785118047
4.434259921381615,1.667023052
4.394296310683777,1.727725087
4.423876184184377,1.7556261229999999
4.411565041541055,1.659836666
4.416505796198644,1.608436191
4.400876210694426,1.6928770050000002
4.397509715412014,1.670519074
4.40193804048084,1.657608001
4.438696349905396,1.690995566
4.364757574797241,1.681552344
4.326912554967146,1.678395499
4.257382302629679,1.7047709819999999
4.37450231986102,1.695289048
4.306940149815921,1.6714171759999998
4.35860900703657,1.685350991
4.412832318969266,1.734593332
4.323689470661217,1.751602638
4.3414879636194,1.735812336
4.308254152666059,1.766167159
4.28776856320114,1.66835752
4.234163476008632,1.743697406
4.2793479249719635,1.6192892159999999
4.326725607437506,1.63778657
4.382855335247671,1.758286926
4.365432411108393,1.619295686
4.290259233489646,1.6604026809999999
4.247493045848234,1.6965360619999998
4.27688811720512,1.835051999
4.350469863588159,1.596846115
4.387746256009406,1.714525571
4.379978230225969,1.6394917119999999
4.2159318959637435,1.792802988
4.169813559691106,1.60005456
4.176817160139738,1.7534931870000001
4.218219428297845,1.705824034
4.205559080416903,1.705547023
4.201411380936019,1.6754558419999999
4.1969298584941335,1.681117361
4.2306243957823435,1.682150548
4.305809775779285,1.684627555
4.188700644726558,1.6960667310000002
4.133009198367235,1.756162912
4.089688042603923,1.7451258539999999
4.071155499015355,1.6241065369999999
4.087589372377047,1.543706464
4.423004158371434,1.6421848300000002
4.792965560489298,1.6732108239999999
4.51612538352773,1.6032696400000002
4.2329713392963155,1.587749884
4.271858311291328,1.675658049
4.114351991529797,1.6684148030000001
4.061753185561443,1.689724411
4.018132264400987,1.692716275
4.016374242004646,1.724533216
4.0212759306927754,1.646905177
4.068164160447165,1.704291591
4.211068607499368,1.713503099
4.004149315010689,1.6755608789999998
4.100953609454659,1.702364472
4.161707528965761,1.665264423
4.217567786711982,1.6734708839999999
4.115669580968948,1.660713936
4.042063067648576,1.651469011
4.056992959405536,1.80230022
4.133986746378137,1.7361780119999999
4.1512166625375055,1.681455146
4.12087877265424,1.70478692
4.056802345041235,1.6429398229999999
4.066781367438037,1.738288498
4.146662777009486,1.735075164
4.041995648378289,1.651190444
3.9182868404921587,1.7804669990000002
4.173494757258779,1.755856585
4.046886777147785,1.723490359
4.058764256654981,1.692152321
4.031935421742878,1.566305601
4.061708379844072,1.708560575
4.070078620533984,1.766694923
3.9693571623168515,1.697721372
4.012530293373316,1.7073823639999999
3.9632150661304175,1.629512451
4.109090665881934,1.790168241
4.097696479577466,1.746903547
3.9733545517739417,1.739151032
3.9303978529035986,1.684320929
3.8353779506795,1.704200822
4.000289961197338,1.741103468
3.9719138636671056,1.67769021
4.039392951995358,1.621109473
3.932093272344452,1.515278157
4.0553468582667165,1.706196001
4.067105476301768,1.812712257
4.090909409936055,1.643351016
3.9875704216259367,1.6666437379999999
3.9860723685995745,1.5976848179999998
3.925086553013626,1.644951424
3.987810567335729,1.693224454
3.93103975308106,1.757625529
3.8908222415393983,1.53000374
3.820016086400651,1.660548463
3.9275988360145804,1.754018477
4.02596404999127,1.781037945
4.016500840800213,1.540018026
3.8797297606883276,1.838721567
4.007985235748622,1.789704317
3.9292904240483084,1.6510406629999999
3.976025640437589,1.644333123
3.9234844924730834,1.726947516
4.049236579640173,1.737176032
4.091456384528367,1.632432103
3.802952129886405,1.672007859
3.891647716398761,1.660566202
3.8227724362505704,1.77449536
3.9418896450555336,1.766794307
3.8955674434492225,1.737987665
3.8460557310409174,1.7487236400000001
3.7662166567003985,1.599199722
3.8266279090825233,1.711733846
3.8557778363792496,1.7436475489999999
3.8014443785569973,1.5655542439999999
3.8556736526207764,1.680214682
3.732745295011326,1.738710867
3.809896390150933,1.6674324459999998
3.974968945771533,1.637144946
3.9454203082989348,1.635547085
3.9579788580043944,1.579494167
3.972062483853648,1.729943137
3.8555739286356134,1.7423502210000001
3.7813949584973816,1.6977329650000001
3.908028659347742,1.657473857
3.6904406881064418,1.6985702200000001
3.8641490784209664,1.714318273
3.839354014903926,1.653190978
3.8944368181058313,1.6692687529999999
3.8842200414706003,1.636207194
3.800329694997863,1.791523566
3.7676842265075945,1.577510821
3.9178728930853484,1.606461136
4.05976939064945,1.560970805
4.064811859963305,1.663234272
3.8007778052331505,1.6567892469999999
3.798390868845954,1.7868320770000001
3.6029930309238423,1.738426933
3.7983098518672023,1.8142426870000001
3.6246193039381795,1.758012131
3.7922676594589135,1.716953965
3.974338563277801,1.7170172209999999
4.302615482308241,1.604102198
4.038055708427978,1.623897603
3.744650111548142,1.714921387
3.8511110755865956,1.657648215
3.756837971491465,1.736288167
3.7454386314352255,1.6696584030000001
3.6740375687526696,1.687900098
3.827255710233073,1.6258745079999999
3.8364864957720886,1.722759119
3.765596064330965,1.6118981479999999
3.7392052451437943,1.7135945160000001
3.837213381092598,1.677727055
3.7656806727220475,1.6191379769999998
4.078455005711975,1.739329813
3.7838374864041024,1.723834236
3.705580054542245,1.657525262
3.8441526146811804,1.71471152
3.808537097540925,1.576295146
3.870213479031404,1.722542134
3.7234526073175482,1.739507681
3.764995262644618,1.740964591
3.6217244198389538,1.6731611229999999
3.703743119797221,1.6913671620000001
3.7407679186158744,1.728114667
3.771349023286543,1.791943838
3.8710457731874772,1.676560454
3.8539518362441054,1.708798325
3.635265884804135,1.598143439
3.876441884097228,0.690403968
3.847075943669529,1.790068464
3.8149362618380236,1.698020304
3.7364702457586785,1.781624856
3.6096478180959846,1.7636170839999998
3.7902735943473598,1.68041829
3.9147682437338016,1.686013054
3.813727706639189,1.711558301
3.717263837246295,1.711239333
3.6144185574205325,1.5726189449999999
3.5717435552321977,1.6717739
3.708015527412105,1.636839253
3.860746102438416,1.722014481
3.836314418236094,1.617204914
3.7084016201965646,1.683874595
3.6240825402119605,1.68035372
3.4946325781681558,1.71323554
3.5991537491762706,1.557397881
3.6497690674556846,1.6612333540000002
3.568198319707128,1.700025229
3.8158496548441225,1.6377662499999999
3.7693240347422767,1.6828286700000001
3.916873522895243,1.716380666
3.7828530644642897,1.6930847660000001
3.5525742419421027,1.782472117
3.766293926282338,1.756601346
3.705716929668294,1.672252418
3.759187991053451,1.6815461790000001
3.6099750983893446,1.7069300790000002
3.6946159317395306,1.6707726379999999
3.818812766877005,1.7279408109999999
3.7243754320818216,1.664541896
3.569178850197929,1.7686963869999999
3.6943860421268067,1.6770416240000001
3.708912598783079,1.695910679
3.8347693236871563,1.725113541
3.688373682428225,1.582478349
3.6895082430381545,1.6424874969999999
3.682824554476891,1.6465448070000002
3.7015249070818226,1.704125446
3.7660392946415473,1.656959088
3.701242811736858,1.7863442520000001
3.8269758817002915,1.688700845
3.584798132282609,1.6529088920000001
3.613508647732439,1.677074342
3.5576068278257953,1.6619817700000001
3.669730445438946,1.653063476
3.520383868782012,1.693714366
3.6762321186546134,1.70813454
3.6140486533625378,1.626123974
3.872907852681427,1.841978381
3.526384426690881,1.653605999
3.662125414369025,1.6390778190000002
3.7943128126038026,1.623863681
3.6248182475359787,1.702156142
3.4046684598940695,1.575929177
3.459212528180649,1.7149789119999999
3.6662478965005403,1.697322036
3.831706380150813,1.745239674
3.6651645354796494,1.741065501
3.4686658844966045,1.682453703
3.573991682065707,1.654342519
3.474942352659644,1.6747805599999999
3.435422601646528,1.730367268
3.718639665125933,1.6601768510000001
3.7096943800091093,1.722182492
3.4987745091053197,1.759762293
3.5319645314629837,1.615111652
3.9754568474585033,1.733324944
3.6932384049911935,1.618202715
3.6094450444099437,1.585568423
3.604328939169057,1.648102068
3.629822408716639,1.604125928
3.4330953381492892,1.694477217
3.3814484285831807,1.672420792
3.698341440519149,1.784760618
3.438755064799077,1.591311197
3.5345341963144756,1.736037206
3.6265734058653547,1.792955123
3.4793755153565695,1.731834628
3.7449569060301413,1.5304584
3.5725384855892486,1.609005832
3.5037351772444594,1.692960216
3.500190113234872,1.80768039
3.5954274065278096,1.611523662
3.5257983722989388,1.687361198
3.4998674802621608,1.666327184
3.5434860491921674,1.636399808
3.744248248263252,1.684627007
3.776551927167003,1.837813575
3.561070359695241,1.686558969
3.4896800873669522,1.51248464
3.576775683049196,1.7223129510000001
3.6384268158647224,1.566722989
3.593433607598946,1.668090898
3.5968092295243563,1.7237089110000001
3.509489739500334,1.630106571
3.382039379969103,1.664299349
3.5928422921887075,1.702901352
3.6177221440434795,1.6042129200000002
3.7039618808761965,1.7005695539999999
3.386443664055534,1.656894967
3.3434652137531815,1.709368915
3.5675329257196418,1.717003428
3.6214337864972017,1.601574737
3.557913852926138,1.6574773
3.462112461989331,1.73947067
3.5771803128957806,1.6497863499999998
3.4564941973983165,1.7095297409999999
3.6093438631944883,1.667939202
3.5444355618383363,1.6884256899999999
3.4844032684899604,1.713753579
3.5122520427450485,1.7326654320000001
3.641873295513181,1.6496341989999999
3.7898324646278754,1.779411464
3.81945592456315,1.749609908
3.6715535540775357,1.6881634669999999
3.4603677185874937,1.814653581
3.495171878990821,1.721986909
3.5184161181345583,1.626868811
3.564734838992837,1.7290986720000001
3.409204947554105,1.713808453
3.3889476890491306,1.695841128
3.5351056183089344,1.6603516809999999
3.3523357186646656,1.704807696
3.553756770679807,1.6771269869999998
3.403662993528676,1.669149167
3.4225936420476804,1.665495843
3.514868767743689,1.7283843060000001
3.3996134164597693,1.661264375
3.4788960699620137,1.64151125
3.5807011940888005,1.619265696
3.631934814412952,1.6785317709999998
3.3132096179633588,1.72225602
3.438009649463522,1.618250619
3.474747996186278,1.6770916200000001
3.367730442903649,1.6829833760000001
3.6267405614388246,1.729837796
3.447543687335381,1.743408156
3.621217509483835,1.718171168
3.411620024192862,1.731764714
3.5202609672008345,1.754801771
3.3755921330062773,1.641579499
3.4699997541309506,1.674274351
3.3273289282566276,1.6907511579999999
3.668653808908432,1.6885641630000001
3.406683108477844,1.693518714
3.4223787698488572,1.762293166
3.3325225602166264,1.7065332629999999
3.3282902925750952,1.714810721
3.510810540591619,1.704366848
3.4636917917934107,1.740034567
3.3812158858472285,1.769927169
3.4514129960169835,1.7695043209999999
3.5059180443138613,1.68426626
3.623158284262528,1.755377475
3.555773047868991,1.7466917770000001
3.3472538589255296,1.643958244
3.453765165579663,1.660847476
3.4670474000582425,1.7609553679999999
3.3864838448750283,1.656528996
3.5100811804672567,1.693328714
3.4744362433735807,1.632350133
3.4216568235146716,1.6878118560000002
3.4814653201963957,1.741025165
3.4492594872827538,1.6312812810000001
3.5565246959408054,1.707619782
3.653384257908237,1.735228966
3.4103137691753505,1.77524178
3.2831956936755438,1.637190428
3.50252061767852,1.750177519
3.2528033013441493,1.612154555
3.3681117879019125,1.661039181
3.301756100490397,1.6644532010000002
3.45401726853028,1.69597607
3.3692019368371335,1.6726884549999999
3.465803633001184,1.715035066
3.420857982543457,1.846466258
3.2984428839779856,1.760901074
3.477245340956452,1.644010473
3.446995657384815,1.666060482
3.3935789894901887,1.63161287
3.341962641340625,1.721507986
3.3863554714993103,1.723375986
3.4355820485956774,1.728488941
3.3843130097124967,1.8026767989999999
3.378148366506371,1.601691701
3.427597710754724,1.6650568909999999
3.4362806414204448,1.6233929
3.411581133017841,1.685020829
3.2094062334364724,1.683113052
3.4930148922092883,1.7197406210000001
3.383820378207836,1.6519859449999998
3.5301749980144215,1.784409887
3.3681522150209284,1.655202691
3.3893080182595057,1.5952457230000001
3.216702204301599,0.682110745
4.164685378930329,1.6578278210000001
3.971997577852386,1.623787531
3.655799543174303,1.748983495
3.4772388251264434,1.635845766
3.5575174724608556,1.595693121
3.247792064522344,1.695766176
3.2368084957642824,1.5928629239999998
3.3728159783153715,1.677541841
3.1548817493509653,1.7036449070000002
3.3152119106556257,1.578897247
3.3431600474453163,1.695731571
3.3047751956474305,1.589461663
3.2154116557286025,1.620029476
3.243750908079999,1.7401931529999999
3.347292849610032,1.699383136
3.3207905759016065,1.721019757
3.364120997291464,1.742574584
3.2518512882787003,1.761973608
3.51099756773547,1.734268843
3.485725007255105,1.728583658
3.223304037447297,1.623743541
3.081842913295174,1.694636093
3.324432660959082,1.6906465370000001
3.4668256449935413,1.662612459
3.365545452463539,1.7347386660000002
3.449826973786595,1.7200639130000002
3.252701101604335,1.742174913
3.2873542642957414,1.6738268139999999
3.233682063060272,1.651106618
3.2531037105362595,1.722240592
3.348474514120336,1.788576645
3.4717142901970144,1.716156349
3.533072173808814,1.6751215080000001
3.259178198193173,1.7066616300000002
3.341670830741643,1.756011885
3.357031138891477,1.790445582
3.461140979705463,1.693630711
3.286192374400652,1.610145138
3.277757524789267,1.751572136
3.287166427016085,1.718282316
3.1190357826772237,1.742470087
3.310222920958074,1.6622062610000001
3.1846690880603594,1.638762715
3.363345792065791,1.746317103
3.2908834785361964,1.793748337
3.353034878019926,1.718713004
3.4971073597300015,1.6609943029999998
3.3363852283292057,1.693213335
3.4476032886749355,1.6704359819999999
3.401918321035213,1.494590367
3.2113756212868787,1.637361994
3.4063826213204695,1.656128577
3.3276940280724285,1.750807335
3.1717346625369007,1.69726125
3.169117954133306,1.6718854140000001
3.210931786538806,1.68518136
3.1551865513452437,1.844277579
3.2605964520087802,1.717694963
3.1885514021933035,1.5795890639999999
3.35326792693872,1.6618328230000001
3.4748362507409163,1.684406594
3.4443250877479996,1.698057428
3.201138565709101,1.728665059
3.2593354959481355,1.766812282
3.3935627238245005,1.76550121
3.3024788164292542,1.7193043239999999
3.261848474924772,1.678684735
3.1748037828315105,1.6877450939999998
3.326916480059173,1.673973621
3.276971395788371,1.712219904
3.3371970390076013,1.843514756
3.0333926369589492,1.66052026
3.2138892780843844,1.7001160450000001
3.1941662704000002,1.744157742
3.185903318739515,1.635161729
3.2226121164493495,1.6184979350000002
3.277147415337979,1.788677121
3.2732106099714846,1.7243617150000001
3.162025900013907,1.614200157
3.2947440206761365,1.71507944
3.2067233288363846,1.628071871
3.0474756626920003,1.700541327
3.149159948796591,1.593497339
3.416452387071286,1.689196356
3.28821111758124,1.7661180760000001
3.217992822931143,1.70375328
3.1631368214406854,1.699653719
3.211836805897342,1.633509664
3.2008969197158557,1.747276292
3.3514311557129335,1.6649965519999999
3.1698887870642714,1.744763647
3.1910771798382163,1.6408884769999998
3.2993963868209084,1.7166474250000001
3.3058547411688637,1.6481308019999998
3.313977724410221,1.626623445
3.1835685861017677,1.712618006
3.1163857669573045,1.6810555379999998
3.4585273729625285,1.695678671
3.1628347760224598,1.696919692
3.0972053820841765,1.8043101049999999
2.927724645154799,1.7449029120000001
3.2718575392198885,1.684250181
3.215673081717117,1.857093779
3.284373852468983,1.734744662
3.2465193205548513,1.6330883
3.2696433703780947,1.730099638
3.1987613979252285,1.7188016780000002
3.0672609466212792,1.6169410690000001
3.1278164596070113,1.716814663
3.1255648832097815,1.730651104
3.4169992067819317,1.6698612210000001
3.1901560333432606,1.696186736
3.187926289126284,1.696578536
3.0821802255159376,1.6725963830000001
3.222976120774756,1.6542818910000001
3.251092698161945,1.6667490759999999
3.248660290736929,1.748426007
3.3502245517409652,1.728432047
3.1777052674073136,1.709934719
3.0948820593012893,1.7038484600000001
3.1768495573843794,1.670192531
3.236448301803917,1.695626457
3.092362419663646,1.5575140360000002
3.1781401512578853,1.668008624
3.292278202727956,1.8410271219999998
3.15610341091084,1.6356472100000001
3.263403392055524,1.735065342
3.1157705508381954,1.7012083
3.1032533216159606,1.745631524
3.3616172394678543,1.658743067
3.2198030314663604,1.6557005949999999
3.246868739344093,1.758203254
3.3029793998927715,1.68433016
3.246100488880147,1.644593255
3.2387101659167987,1.7518794500000001
3.051324119266072,1.652948587
3.1810891492330167,1.753021318
3.098011054838502,1.6757297759999998
3.1341335886131096,1.783535907
3.172584574127444,1.6824226009999999
3.171404076197623,1.680439232
3.2880617358640323,1.687509812
3.371065247453181,1.6831613380000001
3.1795257624886775,1.7379839289999999
3.0107907639535774,1.7022925789999999
3.1059097202792696,1.665036288
3.098121971747952,1.671660305
3.1586564595516435,1.785102465
3.1498257983039246,1.734002727
3.1924996582913026,1.5508067410000002
3.1064093591959616,1.813415005
3.133586502730898,1.727873719
3.2857015979731043,1.656988718
3.2381304338484362,1.761631092
3.271349536183249,1.672901357
3.1631752310659507,1.694340706
3.0829156667113935,1.738783927
3.2011048176247088,1.748568563
3.084071501420881,1.727106586
3.0323113886737545,1.628701171
3.183526062846617,1.6108152260000002
3.2505651110717455,1.660098453
3.2610624632160117,1.749299536
3.475199098096737,1.700799897
3.2627665761017446,1.612979272
3.1376691528615046,1.631529758
2.9891440333459696,1.6276299810000001
2.997230153789928,1.709227968
3.16003094747729,1.662839503
3.0329707947035125,1.699289668
3.1729709962520287,1.6412370539999999
3.261019155710916,1.743713542
2.979898844824577,1.7606624100000001
3.2583811106535863,1.563332159
2.9097511257296134,1.64472683
3.506592517860659,1.694987374
3.195786214539065,1.64207328
3.2481187842055794,1.7214483120000001
3.2018383588669668,1.605343124
3.0913134863923544,1.7241266130000001
3.048596357543955,1.733639129
3.3623526428773536,1.615317794
3.295088437458652,1.739732388
3.016937385461996,1.758216221
3.1366926106196686,1.704590185
3.158372231574497,1.6103081160000001
3.318114949051023,1.640679967
3.2731177985311257,1.5959867
3.228950757534121,1.714090058
3.0249537887939315,1.697061962
2.9893639879015983,1.715584652
3.2474297149493183,1.709685337
3.029113999816259,1.603488212
3.35030108129338,1.702989628
3.2414713370522965,1.6875282619999998
2.9590114747191403,0.685239024
3.228969544309368,1.7943570210000002
3.116060418572271,1.765107115
3.179879731765152,1.6366223130000002
3.124777398143571,1.702672101
3.0747190233596955,1.629752533
3.0621296833324156,1.664597933
3.200430096438643,1.743715408
2.922439510167881,1.709938235
3.092368919213777,1.760021664
3.2167005094931653,1.710003077
3.0545987614049546,1.796029044
3.0111837993653974,1.735126495
2.9973673640578493,1.719193596
2.795527855531637,1.6157682530000002
2.944324142732014,1.698231077
2.949025403794547,1.563068462
3.151420432982185,1.6548441459999998
3.16950316142798,1.748141377
3.05398480587848,1.5573506419999998
3.233034382868199,1.6493009669999998
3.152904767046416,1.672297886
3.1283076376232883,1.602289811
2.991446888443067,1.6592625509999999
3.0709916772490233,1.7224601430000002
3.1693543290557638,1.744528731
3.25055502659077,1.7107946090000001
2.959830696767438,1.6562865960000002
2.851093946833817,1.622881115
2.9390439391075813,1.4853351909999999
2.9337954302260165,1.6847996429999998
3.0856097577596633,1.725525628
2.8977329034205557,1.701112601
3.0287394257176845,1.7053064359999999
2.9762940427128117,1.748217549
3.1392499180709366,1.738896005
3.0218760179445603,1.760497521
3.0151872448820862,1.689397033
2.922172182762366,1.632355747
3.1110748685511598,1.699673664
2.9509561618134628,1.693746725
2.960159719155939,1.665864119
3.0476639579211575,1.6318156529999999
3.0520633239538153,1.748703533
3.0023193067334373,1.719190531
3.1128823328995496,1.721229663
3.111012692038849,1.695924682
3.171073104384132,1.692142051
2.7991704649214486,1.660338874
2.9498417074957937,1.6794056720000001
2.90716346079309,1.641402012
2.9932599453109536,1.668517415
2.907027274954383,1.5535682180000001
3.127990910045127,1.733892658
3.3221989574988213,1.651112068
3.388507643008801,1.6555067079999999
3.1779266703595055,1.710828488
3.0812244687282115,1.7243318140000001
2.901782004425451,1.719092051
2.9972237102292323,1.7431847249999999
3.0681422065461192,1.6998420859999999
2.991903846472698,1.69829925
3.113075841279763,1.506723719
2.886044054541291,1.6491577739999999
2.9324633973900553,1.794174409
3.029167184924236,1.737203478
3.157626268302491,1.636812544
3.093713701283594,1.616587287
3.0437545004678284,1.6937996800000001
2.950546345192018,1.745238292
2.988310142187391,1.708439174
3.0691943070732894,1.795813276
2.893635399776943,1.686369531
2.950373390502822,1.777865751
3.020837401531803,1.822266435
2.9372789838256357,1.7625221070000001
3.090450539977772,1.770512342
2.7832425216522902,1.727620762
2.9789392849957186,1.700214841
3.043210824758376,1.675505026
3.0519952471336094,1.716651697
2.951840280926121,1.706493154
2.9463072996774025,1.744262475
3.062874237318918,1.630167262
3.0756711119824205,1.6384730410000001
2.8913327877250237,1.656929093
3.1929971050085766,1.657876721
3.0100428250362214,1.543587168
2.998160575706716,1.61733792
2.9529283373412305,1.749515309
3.0163983309279288,1.717223159
3.033250357156407,1.688957614
3.058020482137804,1.703784103
2.9038674405192957,1.529104663
2.9373143934399377,1.608453203
2.8615655678224168,1.756680213
3.0510990286512802,1.680169373
3.105328292406483,1.710373854
3.164030225307178,1.6621318600000001
3.011668975924004,1.7327954239999999
3.069329644872014,1.632715654
3.0404742885231575,1.726687091
2.9314454224846256,1.626995799
2.9701026922528966,1.6992038219999999
3.2155975125962515,1.697840376
3.287440993202662,1.700498361
2.969091596529726,1.720350447
2.9487160548669205,1.7159803679999999
2.9135084938018108,1.743093376
3.133291294557111,1.760669331
2.8587493831964093,1.703133988
2.9123394388197528,1.6587960910000001
3.166658469072605,1.610718852
3.1068869978767237,1.739442825
3.0494918164149896,1.622208193
3.2578056086654983,1.692229121
2.964813130480874,1.7662333449999998
2.9643302210803624,1.690412142
2.897524744404942,1.717370015
3.1386146701650537,1.61041912
2.9063687434246144,1.686389298
3.139900440264301,1.609822775
3.285767427548196,1.645399455
2.9039275043943498,1.7532349520000001
2.9124286783233044,1.770027459
2.8416504074141686,1.7118418800000001
2.935243073628819,1.7545728729999999
3.0638725579286152,1.710156555
3.0870464699259896,1.711349179
2.9328477751918554,1.764502958
3.112980195359364,1.644203025
3.0654315608548104,1.656477821
3.2720570462951897,1.738552557
3.070411883260405,1.591314391
3.0357106047727163,1.710591574
2.9483095700304722,1.743439424
3.0968824322774253,1.73695053
3.098093118205466,1.724777013
3.1096655377153484,1.715509962
2.9141362927285552,1.691525537
2.9213671710486055,1.719837721
3.011653714953746,1.8247274610000002
2.8538104151683723,1.6802195800000002
2.874328234278615,1.7251310530000001
2.960234777887583,1.719159741
3.040039421013146,1.674713186
2.755068592651294,1.6076080529999999
2.936663992512773,1.600733837
3.047018576136077,1.673846597
3.036073808609453,1.6959723979999999
2.973608968396647,1.683908283
2.9269677311461053,1.659594615
2.9377899663737823,1.6520139280000001
3.146133858847675,1.612558479
3.0727135416824254,1.662702872
3.019236908497056,1.661855678
3.047716487233105,1.743486871
2.8348350098542316,1.673297159
2.753874450574954,1.663361161
2.8619614713253414,1.639933023
3.030957151213314,1.7770333379999999
2.9634531920348577,1.6658689770000001
2.9863232861485196,1.710823198
2.843137914658347,1.724185546
2.836417449973208,1.691279113
2.9551094405088,1.7180897979999998
3.1308468785355172,1.723777253
2.8900181474864364,1.7176050090000001
2.9765791882290618,1.597195164
2.6740953988628777,1.7275102580000001
2.89572973698971,1.675896175
3.0098326983242645,1.766778725
2.8759410058998442,1.70550887
2.863882784702771,1.677161206
3.035738946789914,1.6661472910000001
2.879234854026921,1.702502413
2.801609050021832,1.660585485
3.0806061039280963,1.71479482
2.9903581632643883,1.691458624
2.9391189389260384,1.631573392
2.882527340668376,1.673208699
3.1759430924061274,1.572687524
3.0652184299760523,1.673912927
3.117277759413581,1.69427091
3.054328659649264,1.562585253
2.8281697858970625,1.546418724
2.880706192059854,1.645214774
2.947394718269023,1.7318567630000001
3.0128490511730264,1.707759783
2.981545793951932,1.631380548
3.1460132124220026,1.750359904
3.2443878238309565,1.725626136
2.9315435511459813,1.714099811
2.9591732825952453,1.7699694940000001
2.8268564992102925,1.623283175
2.8311992562988424,1.604386912
2.999085504841215,0.665058125
3.077358945198299,1.6483199229999999
2.971624609738436,1.6227145809999999
2.9241293342734975,1.593973551
3.030040681736411,1.680249247
2.802781810630912,1.6262441600000002
2.9099836372910404,1.539014549
2.8195569896616823,1.723887404
2.7175263395991136,1.607788786
2.759114648526091,1.692039842
2.8302599416716823,1.7367184230000001
2.882668547709665,1.6369737309999999
2.8917675779227188,1.682635321
2.8373505828392034,1.814435247
2.8187422029576386,1.772789376
2.76385439139191,1.718324572
2.779180722562246,1.6320750579999999
2.9017871946399594,1.6739519729999999
2.7215300643550977,1.678319342
2.829215613519914,1.7498072869999999
2.9124828465567907,1.701276042
2.8870726149677304,1.640792655
2.6066066626005657,1.763655166
2.799276299734155,1.66007128
2.9242916157720775,1.6837881000000001
2.6485493056555174,1.6801870920000002
2.7483589991795117,1.641152376
2.758864284160346,1.529344855
2.8808409439454956,1.763622331
2.6748780439862485,1.736500749
2.9081010341714966,1.646955291
2.7728227724045897,1.667103803
2.997887723366466,1.6895418
2.778724198502201,1.6328129200000001
2.927127872511183,1.7666145100000001
2.781157218357684,1.67001542
2.9171530964299985,1.691377495
2.9453413540726943,1.699295141
2.96802788048013,1.700883026
2.900375220823196,1.808034851
2.5912969406937747,1.753574712
2.793996167894155,1.716003656
2.8177596820289335,1.688764621
2.9375067607262073,1.630802544
2.9025932838345025,1.6537492299999998
2.9611655815449214,1.759441335
2.7533052484542626,1.5878913959999998
2.769980159409602,1.690065449
2.7506294393698143,1.712969647
2.7837800543966256,1.642180476
2.6578622730434764,1.63391798
3.0384004321279727,1.764330736
2.9088523257131467,1.661241934
2.807194177726935,1.686965871
2.7522108465370767,1.66902608
3.03385869095323,1.7440990950000002
2.8895664839974518,1.701491739
2.6838952716496416,1.6769557370000001
2.913206604195058,1.643590047
2.8455244498590395,1.723216071
2.7834810480684795,1.666533334
2.8628849389672464,1.705936098
2.820303115401389,1.6168767179999999
2.731326635463313,1.634458955
2.5560691121668104,1.717117188
2.6807176026586568,1.641666423
2.9711161716111145,1.704642018
2.834531093489733,1.709308848
2.6763543477276,1.6803005309999999
2.835167507482164,1.72431211
2.9250932858504206,1.7277954389999999
2.95179282501536,1.673524491
2.9400291861696917,1.674022668
3.071070721911909,1.7516249990000001
2.8754778085675734,1.804989334
2.75131205395084,1.680779247
2.8963879816765012,1.7236032460000001
2.7312395423295523,1.658590966
2.598577798619701,1.774129786
2.7421831290023104,1.7666597670000002
2.8456545048961455,1.622585864
3.0540835645835984,1.763175971
2.6480427556388184,1.700206606
2.8057132923932278,1.726028471
2.917105678552865,1.5745037499999999
2.834825330015773,1.695720354
2.850387197356199,1.644257096
2.9034138572995567,1.7363368000000001
2.805786249323667,1.707535836
2.667067014006476,1.543240998
2.880235329497099,1.665588505
3.108328730097886,1.6154092850000001
2.6062527807516767,1.776358195
2.737416422530184,1.700120697
2.789902711740626,1.756111244
2.6970629809569973,1.7235099630000001
2.760861157243706,1.6996769280000001
2.7677730424207034,1.704817307
2.6279154808912812,1.748185213
2.707426388402107,1.7228871780000001
2.6769000489660733,1.640517365
2.6340540003043778,1.737827499
2.79949765439026,1.672919037
2.7854792375193345,1.738504856
2.702037914257562,1.729161764
2.607862999960339,1.771994298
2.680696697441888,1.600716762
2.969624109008607,1.7346637139999999
3.0079118599990724,1.715767789
2.703415351890442,1.780533416
2.702186093904034,1.705102241
2.709648448427402,1.6772196
2.561887643633791,1.657590607
2.7893781970769145,1.783295361
3.1445093776106967,1.694176817
3.0568828235292713,1.628943047
3.1028412689893714,1.707986466
2.5609620808209836,1.6555139570000001
2.8019326918040717,1.726426013
2.828813944451744,1.717890405
2.797427980483057,1.6650037690000001
2.9026868778940225,1.720377108
2.7646007372610355,1.7400842619999999
2.663411249803486,1.662648632
2.60583511377852,1.734116759
2.790077941659774,1.709570905
2.772449453393216,1.619344056
3.169008293421502,1.6825768829999999
2.988955093717773,1.639397553
3.006356645029112,1.6360277920000001
2.7613104040159957,1.655959208
2.8743159575053348,1.644348893
2.8943604821771847,1.780093417
2.8801262021645924,1.752230977
2.7730931987914693,1.759517705
2.8910352918337807,1.5323939279999998
2.6774366021696525,1.657450267
2.5169190771021053,1.7159647869999999
2.806913658249634,1.8301110839999999
2.8612495759023227,1.622205692
2.9160165649781358,1.71713157
2.891668913843808,1.651606505
2.753202637116459,1.728486269
2.6417812338310767,1.637785416
3.029888826633243,1.6727547139999999
2.6658450834281786,1.7266313800000002
2.6535714538143274,1.751453615
2.5374781852496313,1.786775776
2.8059893877882747,1.75442872
2.7370548343461776,1.7373334489999999
2.788876892348947,1.65484524
2.8218022728617744,1.743392982
2.851341689559717,1.686681654
2.9677133609222937,1.695102213
2.9735633728525506,1.688301805
2.7678950389340784,1.7142533439999998
2.9112424965336796,1.575759184
2.8176060706651747,1.722389551
2.846372499068881,1.7482352300000001
2.78102301372999,1.757660049
2.5246199544427452,1.6384435609999999
2.437391603457344,1.668525115
2.7589278207015893,1.697378804
2.626212274667967,1.728008869
2.469392859436439,1.5930301770000002
2.785287778008095,1.565582643
2.950367628195359,1.620052652
2.7278540430060016,1.740459821
2.5640486475886113,1.8038518620000001
2.9292695889938076,1.703652742
2.759992067380694,1.6569396429999999
2.854884666646243,1.7771512
2.7795686802567316,1.740732918
2.9345854520129393,1.688491096
2.7270706872320445,1.673365998
2.6314181649427106,1.747934725
2.7142588161932264,1.554006899
2.7313415187966372,1.655996394
2.6928349825618647,1.784587846
2.864077138344374,1.584605293
2.7993554879228855,1.670344365
2.757971691532143,1.6961909
2.9465961306848074,1.51035352
2.7960188270220487,1.744214709
2.870298735835499,1.6310762699999999
2.8637926715480786,1.732986143
3.1704547926157876,1.725818407
2.5869393568749786,1.665817152
2.599298047456873,1.700598418
2.6814646811438543,1.6368246929999999
2.6978979519514223,1.779688567
2.8106337198332905,1.688726329
3.063171687456484,1.650298166
2.8553188802287774,1.7151376379999999
2.8743540485469707,1.635095191
2.8740880561410145,1.728278923
2.81862767901654,0.68574032
2.813812195884615,1.697594367
2.587472159627022,1.705944198
2.50889628906186,1.711121215
2.504891002230639,1.7077053690000001
2.599049036855048,1.8119859489999999
2.546768420831131,1.699527551
2.6046647809416013,1.670154813
2.6180786140525534,1.613113325
2.451540439086128,1.819754633
2.70573715216947,1.730094478
2.9304074516475196,1.7012113370000002
2.6859193241508525,1.729887466
2.5839077488008404,1.688175546
2.6683860966216915,1.764304219
2.6557735436365553,1.6463709930000001
2.510368604272213,1.844212403
2.860985063155605,1.723090132
2.7575160047751086,1.573518798
2.710903112941472,1.6878340170000001
2.7198129557166686,1.712243048
2.7686644710812995,1.711081565
2.4400141054445728,1.726982611
2.855294890518401,1.75443818
2.615284903736677,1.560982557
2.7828213549171608,1.643358867
2.464669978461871,1.6918646339999999
2.536443296770828,1.697134064
2.7425867838540943,1.65756566
2.4244632199230516,1.750337372
2.5252743828592403,1.678350439
2.6709612116608823,1.708915485
2.4595868181727383,1.742792912
2.4871332557405985,1.70938656
2.7076257231620797,1.597808208
2.574780400651288,1.803562989
2.746432692121163,1.73203771
2.6427430001364693,1.702420265
2.778687827718219,1.7339282539999998
2.8311837562178277,1.762134976
2.771707196555556,1.816024451
2.636701224941537,1.770741492
2.8963566001399665,1.738504386
2.613217066167905,1.5612532479999999
2.7633647300633157,1.768570677
2.6644545644982314,1.563599574
2.588902466410303,1.695677858
2.78545858429625,1.688070951
2.723156782657539,1.649268078
2.5984236091257125,1.7631790619999999
2.7263271784573666,1.581907072
2.713791328171822,1.70460459
2.596969609552865,1.773808407
2.565902000391369,1.6325842229999998
2.836837123510855,1.7180911829999999
2.657030539626777,1.733327133
2.5482388537652354,1.737434274
2.61057294142171,1.5368704819999999
2.79737768342581,1.740905435
2.5942672835425107,1.685104304
2.524647222163052,1.653020924
2.705923220673461,1.6705656439999998
2.5354741678324477,1.7436309639999998
2.559604895431159,1.6914042870000001
2.6654962931652424,1.740148343
2.586824401839107,1.666202902
2.645875192827309,1.693951716
2.7003804706146353,1.692767698
2.7557973693516185,1.792030133
3.0209921950507357,1.783446127
2.647700393272391,1.7094168669999998
2.483145690178892,1.655238354
2.597373452987756,1.740512574
2.4043094248812,1.808489211
2.5921919421439807,1.652852641
2.7175634395628774,1.816498835
2.7462736485638204,1.681220355
2.745376723205126,1.778462376
2.481640559644268,1.6977124620000001
2.4994132214361455,1.629785092
2.485262562476854,1.6358825989999999
2.875871932777111,1.684731752
2.7950614201960486,1.647109034
2.6551708315752416,1.7231830339999998
2.9616123362726854,1.6607320209999998
2.5887264510888395,1.774758468
2.599364368738836,1.640472387
2.5042185541028155,1.70151773
2.7788940543709373,1.797170777
2.7392215420031,1.615890633
2.6247659365418654,1.677503054
2.6895493425874033,1.6355127820000002
2.653336025396301,1.662219777
2.575637647964564,1.627458436
2.540480127816078,1.6509484269999999
2.4871538440908054,1.745885175
2.565663934791005,1.717737238
2.6724630103875273,1.629839328
2.586776179259259,1.696598381
2.6695804782664343,1.737608869
2.554367112131216,1.68855735
2.550207870807641,1.729098065
2.570601118701604,1.774052385
2.6945798826814276,1.7000720120000001
2.568490136131557,1.712824931
2.7936469726247988,1.64816525
2.660337640924011,1.684511551
2.626624661540795,1.635980733
2.649672269550249,1.650213296
2.5900656237993966,1.656727102
2.5538048897615044,1.6582324800000001
2.728879604499768,1.556208351
2.6638925187033364,1.71335571
2.425571001765307,1.722209756
2.6418821464708007,1.696036001
2.651686399372278,1.656242927
2.509399651420441,1.6084578870000001
2.491957251326137,1.703701981
2.6321280091795978,1.645069752
2.528745897022674,1.7536295960000001
2.460891782147615,1.6939080770000001
2.6306066348289647,1.688572636
2.5713604830961883,1.7307991600000001
2.6901269569961266,1.6154554669999999
2.4970026007540547,1.686725721
3.0490797882881524,1.6943607269999998
2.7527367277930748,1.647397048
2.6995744159118056,1.699122792
2.508727812333405,1.6027176669999998
2.4437163452974957,1.738920566
2.7318397583540563,1.601116784
2.606534924501564,1.772109859
2.640223750680228,1.782256039
2.4775462460892923,1.769658589
2.6732408219868677,1.660848573
2.955386036340364,1.681552398
2.737864318145922,1.74626054
2.5463674772328653,1.608965724
2.5422584300294604,1.745260467
2.652621958481599,1.795064894
2.7066193326988826,1.662244357
2.6598486315460717,1.6645178139999999
2.816150047082322,1.761404541
2.6166703073482656,1.626354708
2.723628118028932,1.736499737
2.409862743779423,1.660078035
2.7798226065138025,1.6459715620000002
2.6396883829867894,1.696874563
2.652764491001944,1.681706436
2.6730060900380996,1.718409568
2.658595557791413,1.6411121789999998
2.6911189988603166,1.8105381390000002
2.6144535220105025,1.6609938770000001
2.575164670870697,1.637320592
2.560223046669687,1.7660482210000001
2.551749142995161,1.634896455
2.63395497730905,1.7694595770000001
2.646066518896152,1.7584862559999999
2.833238998336,1.799219519
2.7862031266699976,1.695846306
2.7185757146811524,1.6914922890000001
2.5818297544414954,1.665441812
2.6797440558040857,1.701460612
2.519634111320534,1.76221126
2.6545709535448614,1.6873230000000001
2.421364564536447,1.618696452
2.4758639139237455,1.7227304829999999
2.5925463981640635,1.73370527
2.505625497288215,1.751185967
2.384594662759554,1.689053605
2.4004113900944044,1.5845304869999999
2.796850795180497,1.7428255
2.647321927719147,1.649058067
2.483994222444213,1.730553672
2.738907165470651,1.681572537
2.5414311399831693,1.70170843
2.6381181625594343,1.73072227
2.5383604207105317,1.7531969410000001
2.431753396203554,1.767362712
2.584846774503027,1.746455697
2.570217577076888,1.630314395
2.439561259883939,1.649829817
2.544843320647587,1.685103234
2.6171336339413833,1.742694768
2.698025359119179,1.687653608
2.659288557030414,1.717557421
2.4607190607684046,1.665603889
2.676472191459594,1.807027425
2.528242616409419,1.7655979290000001
2.41393958627632,1.6564145190000001
2.5725200640661394,1.6099382580000001
2.6445676984999418,1.693398282
2.5035889896817602,1.650802028
2.361983854304692,1.7364071060000001
2.6329540736747084,1.828420012
2.624282775194409,1.7479119189999999
2.8404383491308227,0.7037691
2.7114165860816386,1.8412351390000001
2.818714750079341,1.7498325700000001
2.610757558767762,1.826648726
2.7520794353635067,1.618065245
2.413491948896435,1.6946168190000002
2.4483893443615394,1.6547423239999999
2.218905804427318,1.697318004
2.5407513391437506,1.677223111
2.4822929507082576,1.520532024
2.4004594802510018,1.762748868
2.47210316931983,1.825336359
2.2974518918001063,1.6572708010000001
2.5504910945497694,1.6719403320000001
2.707730553826368,1.606811269
2.746795602224539,1.565662221
2.5468459117362845,1.675379036
2.538744854675579,1.657146628
2.449331422597738,1.680042139
2.3464567078272713,1.696827181
2.385286991288016,1.743103335
2.4052999890342526,1.720983194
2.5079985404223053,1.664108083
2.550362817345227,1.707485156
2.458742823084006,1.759245656
2.3347826292511034,1.734911547
2.4187722881037024,1.729048592
2.2315169468939593,1.5944762529999998
2.4879015358775116,1.724708053
2.4025971516215763,1.692136385
2.441587207266368,1.680909869
2.526341499591988,1.762960938
2.4562894352014206,1.6274713950000002
2.335174444274219,1.739410972
2.6525872840649645,1.7509229579999999
2.826660700643478,1.6660669160000001
2.739717510768955,1.621667032
2.3564069366917058,1.731807539
2.4839159821211587,1.630731841
2.372842191336111,1.6471695560000001
2.503637918931859,1.70033924
2.250018415673808,1.589898265
2.5254728292638844,1.81365084
2.5265194771891175,1.697977123
2.5320014326877236,1.624812656
2.3611035251886,1.715555384
2.537634206853519,1.728661652
2.5782074711757073,1.537924981
2.328460910243726,1.7214508240000002
2.2622690817224935,1.683919935
2.6065689656434032,1.7058679429999999
2.9177631497327594,1.6452140910000002
2.566426212790848,1.640495051
2.4199732515816117,1.624065396
2.296290065390689,1.723288158
2.653714454567956,1.7150275590000001
2.474284367940618,1.786958275
2.393664064279418,1.650015741
2.2367995273408283,1.775613571
2.3959583642271522,1.76156464
2.4891481742474575,1.775414211
2.43714759534057,1.687681711
2.3274414347583128,1.6853554960000001
2.286889027519254,1.69140131
2.716156525670338,1.738729642
2.5534631015957334,1.736837633
2.4364597776908528,1.7651748779999998
2.6073914841293484,1.838623177
2.4714132519160215,1.711573761
2.5327387687318366,1.73509876
2.2999962702091996,1.7300522109999998
2.450367650041675,1.7420466060000002
2.656079067688503,1.7222901959999999
2.4509982537443604,1.6895828050000001
2.511910832959847,1.696658009
2.343183140897018,1.743800592
2.218609333398853,1.737842782
2.5000214869667445,1.71398066
2.632688076207644,1.7154980709999998
2.629364256607748,1.592048036
2.515760319017428,1.6221887879999999
2.5985226888111574,1.671517049
2.4259673944677553,1.8106638080000002
2.632941869523397,1.69033346
2.3218961011993375,1.478702145
2.2172594698270545,1.6898744479999999
2.4932310334871737,1.687798444
2.4458655471332325,1.545125809
2.3124758206871956,1.717001265
2.409900017490704,1.7109172959999999
2.4620357707827534,1.713675377
2.628450567166136,1.7250892960000002
2.5229052853773544,1.750337496
2.3237118717885634,1.72404523
2.308066749572895,1.688760126
2.2663968399166285,1.7262501019999998
2.407845819018511,1.741233291
2.5145232381285987,1.724070665
2.366565281223548,1.678550263
2.4963018391735123,1.660515894
2.32655491223173,1.670999721
2.315986674221729,1.7113369939999998
2.445400350504635,1.564778311
2.4612330242685383,1.740322454
2.2998778241097555,1.661269129
2.4040048708309683,1.728412932
2.628113405664038,1.679575888
2.6205149571231363,1.731187336
2.668910427052563,1.687158054
2.7650463529236156,1.696055228
2.700581872105578,1.659916628
2.6118332525793817,1.696305838
2.6165288560907465,1.723499344
2.646560542328174,1.675975748
2.7077745533580964,1.748864741
2.4241330503868306,1.666292915
2.45569367194504,1.748784937
2.503198103076404,1.702525272
2.4961105869839706,1.685083516
2.3579669563284202,1.721653557
2.5151632329406004,1.7140804360000002
2.6183833014877673,1.732979813
2.5085105985583542,1.729258231
2.4177217067627863,1.784167626
2.5330469541561746,1.59367808
2.3046327321727915,1.723594469
2.444373642463405,1.5986150829999999
2.5393451521695405,1.668350904
2.3466185681253644,1.7097820160000001
2.6436445698346653,1.607080726
2.5624521497410915,1.7558055160000001
2.482576664759039,1.813595747
2.516219158786969,1.6463859379999999
2.5321424001668564,1.738573884
2.4900766789124646,1.670341837
2.3260219122702006,1.5351179510000001
2.399147483012305,1.5784076169999999
2.4635538010509253,1.6877930289999998
2.3844535992031304,1.6086492940000001
2.366060987758771,1.56499745
2.6525628435023156,1.681995769
2.492468797550138,1.806421046
2.307868151411986,1.718324027
2.4459141972092313,1.704107466
2.5512907963135625,1.727516648
2.4974533719537475,1.6559565699999999
2.4625923724463274,1.5953650179999999
2.2832560940071303,1.6390232820000001
2.4969652429444125,1.7546980140000001
2.239839712875175,1.74776639
2.4477758558980347,1.612472666
2.3519210327042903,1.634621059
2.527263491601619,1.743833495
2.441934021505445,1.746230073
2.6438978825347816,1.690425713
2.2987532361308554,1.68534501
2.363113400160554,1.676462715
2.249521554655584,1.704369794
2.418987311081382,1.769303676
2.4627303814603607,1.7775741109999998
2.5394050536565507,1.6164713910000001
2.386629192513447,1.688019333
2.529682173699644,1.5660580149999999
2.3790360358287095,1.8338926660000001
2.485666722712509,1.79587062
2.2898412112594535,1.585061413
2.484317192233113,1.6010028200000002
2.3449119286463294,1.655274483
2.4568640559279107,1.737039993
2.507420803557876,1.759619441
2.4096915113200637,1.7085270860000001
2.3783229929119387,1.699147243
2.509789548469433,1.725385849
2.3158441994900585,1.748065518
2.451518316705683,1.616488412
2.3116817452417093,1.783138559
2.3639069183774364,1.7249373719999999
2.610359881495091,1.6967245549999999
2.475213718115626,1.753175151
2.5228581229890974,1.724577047
2.525014806407675,1.664340229
2.536384481684718,1.747845181
2.466918556868297,1.767374843
2.6091347666877995,1.617909927
2.558141300869154,1.7618298449999998
2.3060010516658656,1.689928745
2.399112978728624,1.680209655
2.4431889400231417,1.707707047
2.655884449124651,1.60288866
2.5700213359784825,1.686066428
2.667147526092941,1.732864435
2.5121403598779404,1.7038228499999999
2.3197803335795366,1.659254408
2.540504933490589,1.607000196
2.463400458079275,1.616844538
2.4126395197617696,1.663776174
2.2193378340686647,0.67442179
2.5348282314947523,1.7381066139999999
2.14343363334948,1.689655245
2.136661811416106,1.741393577
2.258984714774594,1.7142894100000001
2.219179970092221,1.633801432
2.3914437063873426,1.701996791
2.2681263294202028,1.710176822
2.2913090743866094,1.623739249
2.27263653674141,1.668627328
2.373286278857112,1.74892581
2.239749165686404,1.691168315
2.5530786528690714,1.703479137
2.4738243240829587,1.697904586
2.6333520764816067,1.6786313050000001
2.2095098459004943,1.662653825
2.3110202141762817,1.744638793
2.3836526653989094,1.6218153480000002
2.299333356407838,1.604090157
2.387874078697542,1.773272633
2.32346518578113,1.716581683
2.7032197042162402,1.5667454950000002
2.185755753446129,1.697732257
2.386080760015939,1.737511725
2.306436992799888,1.536167629
2.2355229459137913,1.6533074700000001
2.234273472722195,1.658335375
2.3035139852547126,1.6045115060000001
2.133085135674488,1.638599344
2.3002487194854395,1.703869259
2.287928039396709,1.711778889
2.3599308801416328,1.72853178
2.488803960137224,1.654610114
2.1326878093521966,1.646375549
2.103954383489687,1.712473207
2.2986076241511237,1.7611810060000002
2.3156926606256034,1.6622960820000001
2.3743096651843167,1.596789437
2.377200319860679,1.683171311
2.6157225438136416,1.644505404
2.16869495063827,1.778308799
2.30878601053949,1.842362361
2.3315304900152376,1.705114984
2.2434051312317296,1.625249353
2.288689697323453,1.764699179
2.1427108562870796,1.695987492
2.190891760349245,1.716980851
2.310124543299302,1.59978354
2.1369307658165955,1.7089130529999998
2.2636987552206143,1.7278234970000002
2.3072173197381813,1.7063738000000002
2.0831078677611075,1.676691467
2.203746538140157,1.7041798099999999
2.21593595563101,1.713929533
2.240239880862205,1.7409300939999999
2.333431540315405,1.7100553939999998
2.4873472235519243,1.642859724
2.2126591261882496,1.668205308
2.086322190473196,1.6522276040000001
2.1224091798198392,1.727695529
2.2546800876886577,1.728306965
2.068864639514694,1.8613733300000002
2.2523641801545966,1.808674192
2.067638357921649,1.739978406
2.1278280441400654,1.717902568
2.2954484478359327,1.650413658
2.2241456275681326,1.752660663
2.538898294400783,1.813703936
3.1320313938241626,1.70907944
2.467949409812761,1.726086627
2.5751746769479404,1.72385178
2.567808175773963,1.581224793
2.376914409144,1.701858495
2.5324271760850876,1.726587968
2.2893103002742694,1.7784856119999999
2.6210439966914296,1.675711687
2.2880920415943224,1.613862676
2.3195140365165168,1.609055857
2.3074749118649636,1.639640778
2.510769794965235,1.718049317
2.5815145972789035,1.627303499
2.3538919409081416,1.692794889
2.1809697960593937,1.701269452
2.3715383156389804,1.713474922
2.37278160623241,1.5898700190000001
2.1296774380349355,1.690655032
2.2674392623333834,1.73960079
2.2242358057302707,1.668409909
2.313817939137299,1.647631536
2.2236387805667444,1.7694779980000002
2.318572269280481,1.560992257
2.18194430576181,1.648780892
2.327757297858223,1.807887309
2.2123912281000995,1.723882008
2.1868814867456323,1.5413215550000001
2.269302718071391,1.576034465
2.3102548845297406,1.674084767
2.340554593874548,1.746374722
2.3015124703338166,1.737238098
2.3266236212539795,1.6184243870000001
2.084119842777934,1.788433431
2.2041732786796064,1.747668987
2.2056031778620473,1.6384703200000001
2.2748769784617933,1.67344224
2.4257514111060052,1.6445914259999999
2.301133000433459,1.734951402
2.264732345178991,1.6386293790000002
2.369892985495155,1.6340768209999998
2.2528927227619633,1.692840426
2.35563426990734,1.6158844509999999
2.174784280808157,1.7856897379999999
2.2884318007331745,1.67037059
2.435066527715378,1.751982884
2.2037473673405192,1.6759930760000001
2.268865523000455,1.743177239
2.2257031466384363,1.648438329
2.0889293517840906,1.675854598
2.1152025715781635,1.675654981
2.295910423875685,1.663205705
2.3265511128801477,1.631388912
2.329150097292447,1.562977961
2.028661506490806,1.6735406
2.4514083758360563,1.576700174
2.320562435194273,1.714013761
2.3339248255469514,1.629293147
2.2997494094964424,1.6857881460000002
2.7651335118393336,1.757878051
2.866575691355699,1.6903289780000001
2.5675634815466752,1.825977038
2.3829844190297913,1.698233719
2.265774743972163,1.7532134639999999
2.3780278592240296,1.661522965
2.339942913952665,1.63661736
2.272367158108899,1.573263187
2.28877215936601,1.6924036340000002
2.1351879279274875,1.693349958
2.319199437533014,1.7028311870000001
2.4136313698046417,1.7171708479999999
2.4074325046164153,1.748588271
2.5405795592284504,1.6706528330000001
2.1918049234010826,1.646956002
2.2223891425022626,1.6717380670000002
2.3038035782068973,1.8198381110000001
2.288903032712457,1.718824804
2.1099205098850407,1.6697757530000001
2.4380986490331127,1.647452141
2.493763051820746,1.719821596
2.144619815194043,1.6538011780000001
2.276573332601317,1.720532599
2.142659986585859,1.6563568499999999
2.2497972164007667,1.7061664859999999
2.263165986694125,1.69754923
2.3959497643073875,1.6544824569999999
2.708020046188004,1.6683648899999999
2.4931039174497216,1.6258991950000001
2.2843758595198866,1.615052912
2.2577701843394506,1.6482126689999999
2.3104424911806354,1.687317441
2.30039373833217,1.602512118
2.240584957612997,1.688064805
2.329367493957993,1.65450757
2.1227196359572607,1.569108561
2.1181685953733997,1.644272495
2.280727189326099,1.754602813
2.0683874330848013,1.7231965759999999
2.281866191534543,1.660870522
2.2515645127265893,1.674800375
2.2999993320059953,1.628061706
2.4890862620674854,1.6324157700000002
2.4875881937547204,1.651232306
2.337489576792491,1.6587256830000001
2.263552734542117,1.7881337880000001
2.291148159955806,1.702916937
2.1718427812846652,1.705925342
2.386783671789257,1.719889329
2.2347619753636336,1.5960525909999999
2.2689847994823253,1.696730268
2.213000991096576,1.660126663
2.328245634428557,1.610668316
2.3847114184112828,1.648980595
2.36716808822017,1.663865452
2.3985969204533593,1.815083938
2.4593324213493646,1.62345947
2.3351532989477692,1.649175472
2.066389938462446,1.675214567
2.2951886670714097,1.659191581
2.29450830618543,1.672920872
2.3380839062060987,1.630005548
2.3844357349486414,1.6241886509999999
2.330250970092808,1.777304658
2.2120813183669816,1.659371787
2.221603484394287,1.729519128
2.391087802817323,1.7588523440000001
2.3425179346195018,1.6363500229999999
2.4436645797074195,1.670358121
2.2427873340530713,1.7027394660000001
2.2299396206049407,0.698509259
2.525972380718038,1.5769983440000002
2.4426047604762045,1.659567657
2.1362684520367257,1.694566113
2.149842469538499,1.7273105050000002
2.3270408601354973,1.759162752
2.0744173740005705,1.6511516469999998
2.092569126220078,1.594352424
2.104089715452509,1.65489977
2.2299398496629648,1.667990171
1.8604351388070526,1.710768196
1.9839818980339337,1.744006377
2.0165152306591074,1.683501726
1.9736053273246195,1.733321032
2.2279997713706288,1.554852964
2.2044090077054053,1.613391718
2.387562165159537,1.702459111
2.073272860406513,1.552154448
2.0211550145766726,1.581396535
1.9258557625981003,1.722122159
1.9519592123979748,1.667460857
1.9892183328690431,1.7385297419999999
2.245112319246243,1.691807078
2.045375603650859,1.585672516
2.1824921188112505,1.686276154
1.9858431204341715,1.560363578
2.314235752374836,1.703598969
2.225487088196527,1.74643939
2.372237310629473,1.701858782
2.153890940964622,1.736119114
1.9448256091432428,1.658169151
2.2008502922225825,1.723399153
2.0994444773688254,1.7819523099999999
2.0020780564701606,1.60293201
2.2407373093253398,1.68412557
1.9874169509881119,1.7024673080000001
2.100935849386647,1.635390794
2.1174279890149137,1.683942091
2.293391342732157,1.646897795
2.2794305624971773,1.6140627360000002
2.228164128981251,1.667363637
2.0289562967006374,1.6362763500000002
2.271500273359059,1.6986184949999998
2.3245456520706784,1.697932528
2.3686364709712606,1.7411926850000001
2.2802692917372163,1.6332493989999999
2.116860222557759,1.7326582780000002
2.0926865976467988,1.721500808
2.0843958584348616,1.7276650340000002
1.9986401310945645,1.6736815
2.0366105255361195,1.749400638
2.2309974481989765,1.698227623
2.2268571278531866,1.76509658
2.3350982557083944,1.5333069990000001
2.214398570432261,1.716429118
2.325057781574727,1.750522926
2.3340832958635156,1.648008281
2.013242881115538,1.710545679
1.9520337429892576,1.607659329
2.1981332533302647,1.627195113
2.086160302810085,1.641327902
2.1974414156202293,1.665083009
2.0831617596757925,1.697674647
2.2999591722820303,1.7324163860000001
2.239100730838094,1.6120483270000001
1.9934184900632796,1.733056195
2.0232113460982677,1.582033966
2.035004285471217,1.7125353410000002
1.9725402616780463,1.553478242
1.8919269119098518,1.6608268050000001
2.1159363073511677,1.7136095180000002
2.0731539593315857,1.6609653020000001
2.081146014207702,1.702958609
2.371038519016527,1.6508954359999999
2.293450502289413,1.7477491619999999
2.101589342727834,1.651900131
2.1579425182086003,1.639521712
1.9380825767632912,1.667932303
1.9712237608246101,1.667285665
2.0850177712945612,1.605688614
2.0811248999749923,1.748391366
2.1944330780103884,1.675778825
2.4012358417491875,1.806406503
2.0186352049048937,1.690162553
2.078064014476217,1.7740053470000001
2.0960731473709417,1.665905639
2.1341011797778413,1.786382944
2.2377300201629806,1.725982576
2.1996244441037387,1.6895222300000001
2.2692884763972305,1.658082801
2.118584657603692,1.615000083
2.199300398283452,1.584555825
2.212245313480795,1.733995036
2.334172620570697,1.7019125499999999
2.300480846761337,1.6674265830000001
2.198296315577636,1.6117241230000001
2.2246040678306147,1.693030899
2.0623783592606206,1.672534639
2.27279139197579,1.713026068
2.04888873266706,1.555491797
2.2121195722771057,1.775536496
2.305996524098317,1.7425135520000001
2.2714805524233848,1.6983812440000001
2.503338600432697,1.7152576769999999
2.1701322294722964,1.7253844919999999
2.107281523309196,1.69240135
2.2070145267910823,1.76603278
2.2748764495730924,1.742572201
2.266586984006616,1.7236117530000001
2.164567795190545,1.661327418
2.2708452798384715,1.681817294
2.097481738866041,1.751052439
1.8430596022792098,1.7607150809999998
2.076557478650033,1.681706053
2.219354084422229,1.713562077
2.010090154561313,1.732934231
2.102474858765914,1.609717572
2.0652676075541474,1.616460994
2.3215291295875917,1.8041799809999999
1.9624340510842686,1.707542162
2.1296710994336014,1.725321687
2.209372613285942,1.704373179
2.180661434973372,1.677675744
2.1217330724544654,1.799331612
2.090719721757651,1.608593692
2.051424140354448,1.553842374
2.1757680589112756,1.6953387530000001
2.2541722512425624,1.6807067679999999
2.123042003549005,1.727739391
1.9865564307431307,1.567605501
2.24595960111498,1.57729702
1.9917948535460481,1.6786424420000001
1.8381191686423723,1.7844177239999999
2.3362779330793124,1.571940415
2.2376635191661536,1.6361604779999999
2.2761644209390166,1.667171948
2.33493935102475,1.724828827
2.3054939920125337,1.528482503
2.174372383684458,1.5992617120000001
2.208567045025136,1.665167763
2.2139745310078105,1.7387683539999998
2.1804290478518333,1.7592131960000001
2.0626133936307296,1.7512385990000001
2.103883351560497,1.606523718
1.9251697097390679,1.669558629
2.165318565987136,1.8426568589999999
1.9615936026605607,1.722535315
2.158604420461188,1.630885886
2.240093655797263,1.622549463
2.2127493524184985,1.606808929
2.2108438162181687,1.765340314
2.2170929995433126,1.588036359
2.26893639631841,1.640301893
2.2240239076975206,1.731652151
2.1240096285589067,1.5601872970000001
2.248413911448667,1.786848521
2.16543426903199,1.791657262
2.2176213599856296,1.67047882
2.137558814846291,1.758411135
2.162486997460689,1.827846141
2.3124664748109183,1.698694151
2.081611793872389,1.663966737
2.2353083986499676,1.650143811
2.0822596953479287,1.648293746
2.2319195806496177,1.682639418
2.182125702599023,1.651663162
2.1526959992613306,1.610288685
2.0830303072035945,1.656321013
2.112288177449036,1.76553201
2.0544221720089495,1.7349087920000001
2.126231299265795,1.7458303339999999
2.0024159174345377,1.719412845
2.1632181208662185,1.639240418
2.125587175130944,1.758995023
2.2431234353061753,1.646710527
2.2323747974181583,1.715772223
2.274704928493325,1.636016767
2.1540601746496493,1.604829402
2.19864886876241,1.70945266
2.0778355098938266,1.734563041
2.132056915493082,1.651651904
2.1875539863649314,1.6943410110000001
2.0667519668579124,1.6128550609999999
2.0917794004348957,1.671991617
2.080118335614035,1.614938233
2.203363910358085,1.725712472
2.1489500837254747,1.7040175400000002
2.115926832657996,1.6935468139999998
2.176570158091555,1.57372692
2.0569914511945475,1.739101883
1.9915937729530784,1.752063871
2.022231524598681,1.751822733
2.1793566194407044,1.624972599
2.0299053903912485,1.72009971
2.092026590085223,1.726967459
2.1241678484768043,1.736090635
2.1524886210175764,0.670452298
2.2919814927332878,1.845768713
2.3824223004864136,1.71232726
2.0772431669376745,1.689428877
1.9837097933988461,1.665258753
2.026249986356053,1.606666679
1.880685584011778,1.7047111369999999
1.9859509734237035,1.640671349
1.911968157481588,1.627915403
1.878597151882358,1.690207775
1.9942943875045207,1.7057310829999999
1.9840567908371116,1.739560183
2.164210092003439,1.605237232
1.9808782921447703,1.634457168
1.9121940921070595,1.7290946680000001
2.026005842874569,1.6369558739999999
1.8925347883910801,1.670949646
1.9863594955111246,1.6999695419999998
1.9170175461715098,1.638787959
2.060266268960204,1.6461149590000002
1.8674930644898622,1.718003054
2.1812765098348095,1.741028509
1.9394644683775177,1.678956247
2.0017921421000655,1.66615338
2.0534929461710325,1.684279903
2.0769620988182997,1.693797758
1.981931765910459,1.7066207599999998
1.9425385413083436,1.65732634
1.9306453311911467,1.724478347
1.8963330694234426,1.8172815519999999
1.8523620573764736,1.725659436
2.1561011751509986,1.674241174
2.089936044860117,1.715571285
1.971723289018125,1.7303108040000001
2.0976517910323538,1.798987337
1.8720472785900533,1.594142131
1.8786881844113341,1.7644507090000001
2.0913628161426536,1.690402358
2.063628798499201,1.6146788170000002
2.089723126510184,1.8082321019999998
1.8864106366472444,1.667506148
1.8916218361273371,1.645460176
2.006092953132128,1.726620809
1.975402372639738,1.696654175
2.035091388595629,1.667765041
1.8881778544630774,1.657506828
2.1063080057463113,1.663740678
1.8778947956914753,1.706450305
2.028748481936946,1.552632885
1.8753029913694528,1.6751662459999999
1.944209774594626,1.5929865840000001
1.9259990505989097,1.685583828
1.8994061168483098,1.727506176
1.9185453456631043,1.770546715
1.9177878620577087,1.743339188
2.2701344126740026,1.70880103
2.0318644634672958,1.616677225
2.022801793378505,1.701494402
1.791056533776858,1.605690206
1.966904500434638,1.590145929
2.004299358393885,1.692327208
2.1672895253773574,1.699657795
2.215055512718999,1.654543722
2.0878404106561543,1.670703319
1.8028538216732466,1.7663782110000001
2.012201179482251,1.5200859530000002
1.9957836382437744,1.5368644310000001
1.813922209113148,1.6808858290000002
2.0622291310040834,1.594734324
2.1416580195573407,1.6942331
2.261998530106842,1.677614655
2.037488613095257,1.773378136
2.0416046861422887,1.647671179
2.0170257391323294,1.6408895559999999
1.9607954033658823,1.6351419699999998
1.7678189634243506,1.7325109749999998
1.9662472587403217,1.706586202
1.8808745792587584,1.767747168
2.3213914972567258,1.783852636
1.974887297121722,1.703520305
2.2567664110009047,1.664412904
2.280386276858686,1.691829246
2.0777787704244575,1.763127253
2.089269073427384,1.799875192
2.026773590213621,1.6818464789999998
1.9132246487841083,1.708615248
1.882684846894234,1.736915714
1.9603685109562725,1.579461829
1.988549726681084,1.601224556
1.770741710331588,1.750739072
1.9920988998326254,1.679191345
1.9849432937099054,1.532547181
2.057776793203989,1.7349293000000001
2.139757262172628,1.665934031
1.935353753526067,1.696460158
1.9156883591860956,1.714795658
1.865749805121897,1.7472199430000002
1.7334438901081213,1.820144901
2.050657522053268,1.540062874
2.02484819687526,1.734527503
2.282808744345218,1.700321727
2.1363328187895476,1.764587409
2.0105999869213687,1.680335329
2.0485057850300152,1.6920305390000001
1.9787590147020984,1.674840111
1.9007457831525636,1.6632190470000001
1.9624278477857335,1.656321709
2.0197869329978304,1.7024316609999999
1.9974511843406453,1.736794201
2.0390312399919703,1.680115059
2.011322808308756,1.7068361109999999
1.9322896666885347,1.79836823
1.8201260970764068,1.667313097
2.019318117654527,1.729304109
2.1337283041061497,1.800607203
2.0883095643039304,1.727492289
2.149292939959789,1.7269994450000001
1.955541205992387,1.7119267009999999
2.0692454557363185,1.759859788
1.9290416088263795,1.765164801
1.853786887230774,1.709801766
1.855800929738726,1.71311356
1.9720727456160396,1.7135991879999999
1.7321303187347268,1.54047832
1.9830371884553255,1.733795687
1.7897234289902555,1.7136560969999999
1.7511741863020742,1.615782399
2.192443359875203,1.696951237
1.8458190434193473,1.685490822
1.92317564242623,1.707428273
1.9378488315112787,1.710054685
1.9360881674271415,1.674777189
1.9374064695301993,1.698807814
2.1396752998334407,1.804446631
1.993639699615591,1.7407491130000001
1.9841738700138658,1.7807762440000001
1.9273659120705733,1.683238126
1.9522923754304995,1.669038042
1.8420041468988215,1.764716683
1.7753837306501024,1.687516442
2.128619597254235,1.739831176
2.060022623148114,1.6818570849999999
1.9559739436562018,1.733031425
2.075631760237257,1.824850117
1.96478413774279,1.770796275
1.8233539563406487,1.706500594
1.8209348013179238,1.78582858
1.9488317143926543,1.75880324
1.9849212251096826,1.6100471600000001
2.0523062828041714,1.6085261339999999
1.9935572477312085,1.728794493
1.994606766039987,1.732948111
2.07086375080839,1.5329572740000001
1.868816457485769,1.77156474
1.9485121022030798,1.6810652419999998
1.8626158327185882,1.712275935
1.9912280134366778,1.699699534
1.9645906073159474,1.709007878
2.245623571675052,1.62829176
2.0967636551418134,1.764391366
1.82841105618624,1.6764904349999998
1.9988157295964117,1.747124567
1.8654845154324737,1.639124921
1.8032576308498156,1.669880292
2.0489507250563137,1.7390872929999999
1.9094214199335051,1.7349347609999999
1.9753335852414802,1.681622865
1.901825514866434,1.604310702
2.0186442358874137,1.721761654
2.0027111195978935,1.7192406139999998
1.8259386100038246,1.7506911710000002
1.9771760914174872,1.6577973419999998
1.9594754457391226,1.857703679
1.8841538257519388,1.7206101139999999
1.9972395145800177,1.743423258
1.9482413649524952,1.7054645000000002
2.1809438372310703,1.7994812329999998
2.1183147121139894,1.626127922
2.0825289915552756,1.7476059290000001
2.0968766506594476,1.672648237
2.153157458098334,1.795293643
1.9406745480739576,1.692558781
1.974548286735746,1.6924264610000002
1.8630274980655386,1.798768311
1.9005698581263168,1.586225524
1.9119544885697837,1.833171892
1.9000350602357186,1.676020367
2.057187548656627,1.753302015
1.9741595834355492,1.815331659
2.2839096502847127,1.695144062
1.9638746520310904,1.727613898
2.1674147312802337,1.706988645
2.041803722404021,1.625508315
2.021059386978846,1.700851498
2.101685196301697,1.564088011
2.0490308113573876,1.728222216
2.0889074636816263,0.694777696
2.1605329349323332,1.6382961520000001
2.080006469022901,1.734250077
1.7742670915166376,1.749223723
1.6901603808106886,1.658823472
1.7403847544483129,1.739738514
1.714550346880337,1.7069761190000001
1.8352382447556017,1.717530344
1.7991451306096027,1.703012502
1.8031628965613598,1.727368249
1.976580932841758,1.66446786
1.6863895949593575,1.512394659
1.808976748127804,1.74340135
1.9731468873353502,1.681292933
1.7031689455763914,1.729937526
1.7147149912348012,1.787345712
1.7797490373646057,1.67572586
1.6177896574986959,1.6875646309999999
1.8380975453802735,1.685810945
1.8296744018139037,1.636499003
1.7541479517674288,1.6891621510000001
1.7830281142758027,1.7071401590000002
2.064003209300243,1.627636287
1.9670105941807918,1.646130235
2.1797397034286563,1.6786845110000002
1.7926299994414168,1.823317511
1.8232871005620022,1.716856928
1.5796148150916558,1.6812601470000001
1.7591446493926521,1.6875522090000001
1.8755448865968314,1.7489106479999998
1.6733168746237588,1.734131476
1.8688310813023945,1.6450439449999998
1.785907814630227,1.602812116
1.7779903783428195,1.678158727
1.6694240675191614,1.714320672
1.7754699186843013,1.597333355
1.6553584508169124,1.779490831
1.9032023861350145,1.699195024
1.8701951893955577,1.5274142240000002
1.822934269967502,1.651403868
1.6679872331959447,1.629177489
1.673406266104528,1.6215014669999999
1.8046843381511826,1.794454561
1.7625873575746036,1.75019387
2.0229597076330443,1.65665084
2.02540756397561,1.650536179
1.8806066441403717,1.6509235690000001
1.7699414571804557,1.708503775
1.900870262002535,1.709337313
1.7724884210210219,1.700998469
1.7455003546837295,1.6851616200000001
1.788187549426108,1.6570329689999999
1.5967919844620948,1.7458595799999999
1.8162968358367175,1.7121842379999999
1.9640021243796864,1.6736631339999999
1.7313345099403983,1.678653289
1.879391169464081,1.6737754900000001
1.9846501924591433,1.657719572
1.821403121350001,1.711299154
1.9167460533089713,1.643027188
1.9377279878190947,1.615578078
1.8815176318886355,1.777400202
1.8228378181383789,1.72107199
1.6436904605504647,1.589424916
1.732880995466297,1.6587040929999999
1.9553183923659274,1.728721303
1.959245854952573,1.65407292
1.8983603977118926,1.622706824
2.03413731473867,1.647224568
1.9119555219683575,1.701001985
1.7531210056551292,1.730765798
1.8843017609124069,1.709195381
1.7623873223150806,1.698417796
2.106365100251013,1.774652075
2.2590204782201893,1.7241617790000001
1.8174184521226973,1.6469131479999999
1.6642544735449305,1.738926594
1.7019974082305032,1.632905462
1.8809824617758157,1.619538674
1.7861190794406274,1.617707217
1.7733715975482225,1.710918758
1.7710037223375883,1.682394356
2.065907792437603,1.7015265259999999
1.7646812725828485,1.612730391
1.9291031920848127,1.6776759270000001
1.7414474939630096,1.641390583
1.729161656952751,1.6929623390000001
1.6426097011665954,1.758828135
1.9207075074804785,1.657834469
1.5937969192586952,1.670169807
1.6170499358855916,1.713079296
1.7410005709964977,1.767437271
1.8533997556007635,1.69265899
1.8287292841876792,1.6351806519999998
1.7999722028424205,1.772036596
1.90068155473186,1.587750299
1.8174508116039167,1.69457783
1.8728039277724757,1.674609075
2.018613953972249,1.7284593849999998
1.818266470285264,1.656783189
2.014260901185767,1.639774047
1.7528535610199627,1.71046074
1.7345915577747915,1.666179755
1.8415156621370297,1.6644962159999999
1.94416641491939,1.7106083600000002
1.8381683751684448,1.67200046
1.8815217642000492,1.648200261
1.8131657387421256,1.706732563
1.9315805887317092,1.687886667
1.849970337401045,1.649968933
1.7681598940853775,1.6397689899999999
1.8029307834064094,1.676852279
1.8401424278631067,1.675204292
1.7753719979921674,1.667918257
1.7885953834411115,1.686975171
1.7112897806841256,1.6786371469999999
1.5403747693253733,1.5477373989999998
1.7082445980200498,1.6956589690000001
1.618324189283122,1.601539303
1.6270753104353626,1.7025488420000001
1.8925673793623095,1.692633425
1.9852712079765171,1.7135884080000001
1.9169345355446639,1.7170268659999999
1.9782620315966375,1.631511843
1.9155293590517346,1.625844402
1.6637762207698852,1.6480718749999999
1.8822450887458857,1.727414838
1.9738637874087688,1.697392299
1.9592305238479817,1.649245066
2.0294909075689107,1.71929558
1.7321551009255345,1.713951483
1.746767286294922,1.7136958230000001
1.801479742264286,1.727776821
1.586303058071141,1.6473748129999999
1.7876509464876518,1.734634755
1.8329663772521254,1.657299796
1.7453139443023329,1.740236124
1.7415110804021159,1.646288636
1.9746888655727084,1.720655259
1.8074109180710713,1.686311463
1.7033386374798383,1.668011013
1.7399154311739664,1.702223831
1.8532217643462356,1.6585505120000001
1.846201998837626,1.613501114
1.7178635179805732,1.699100576
1.7418694591357704,1.5406812300000001
1.8970590312795739,1.654747318
1.9497328043192488,1.5939928719999998
1.692288352295951,1.6848041729999998
1.675028832992999,1.671073407
1.814017548189503,1.6185024000000001
1.6704130500432206,1.757994047
1.8496853826380382,1.694110696
2.1292845223100674,1.694932572
1.8975286870442158,1.657429335
1.8844681894471782,1.664420116
1.6783562648560015,1.642575142
1.817269852957155,1.715526935
1.9160665190116608,1.5623084889999999
1.7641199521561488,1.4673691629999999
1.6531380657037296,1.6877401920000001
1.8363682805766193,1.758679074
1.7695665834029621,1.722567868
1.9089506853455276,1.711359401
2.099478636498708,1.720969376
1.9092946153637198,1.612168174
1.8193035021202544,1.629844509
1.7337016596407653,1.646872032
1.8204575814234811,1.6983167529999998
1.9687408206716863,1.7223895150000001
1.6950393903254983,1.729321305
1.948315225329191,1.6001601
1.8760825454431151,1.481837302
1.823898755613962,1.608818756
1.8498623299499923,1.5949531559999999
1.941216236121971,1.6138140010000002
1.7728722548110314,1.7129020769999999
1.8736934456995356,1.740464197
1.8702186344025178,1.62912073
1.8785635111056707,1.633027098
1.9491932346119505,1.73192517
1.82828246046524,1.6029243640000002
2.0378966789489144,1.669646326
1.930937971982659,1.617191914
1.8698654360389813,1.7547430099999999
1.9164220753878092,1.703415141
1.7258876341273368,1.701027383
1.992891339888521,1.7341418210000001
1.9062468309994924,1.7871044889999999
1.764033817335783,1.615757738
2.050651602646091,1.697145627
1.9307983962264892,1.69618168
1.833684088387656,1.666967367
1.686081216713705,1.7031608280000001
1.8347275707067143,1.651395951
1.7476494069708601,1.707211374
1.5995343741054107,0.722213101
2.026168032327405,1.8012504950000001
1.815077162854643,1.696644292
1.7593185899307118,1.68027216
2.1398240106763953,1.7494085419999998
1.6580645428865466,1.611181127
1.7596913147073043,1.7162284300000001
1.66301408159153,1.65246155
1.5706653230978276,1.6837036680000002
1.431220443398548,1.702904067
1.40373476599255,1.668765498
1.4571470110731612,1.616553554
1.6316280236913283,1.74171945
1.5614176886405637,1.813353542
1.6362228652314181,1.706746232
1.5276850118356977,1.665396661
1.6650277237436848,1.6533753070000001
1.877934422217954,1.784179008
1.7083375896075164,1.792977933
1.7306098107191399,1.644822586
1.7818857871907192,1.701078213
1.906816822637722,1.737975031
1.761253513601277,1.722062497
1.6479178937108687,1.658391838
1.9620584845155074,1.7109883890000002
1.7680932811023309,1.67997005
1.6620234696729748,1.6956616869999999
1.7206370836864204,1.689541947
1.631362146146202,1.600530113
1.4745462760731287,1.714303495
1.582960966817022,1.656913108
1.6411563111650453,1.699906229
1.5689711065539393,1.778320117
1.4829054792929042,1.708974199
1.681894827520417,1.738887145
1.7534893706358674,1.781729578
1.6480509472686915,1.714332851
1.6928382925742116,1.6524495890000002
1.648146831458851,1.6960412470000001
1.6266918209923977,1.646660829
1.5957926132399303,1.6931422839999999
1.7523162043541451,1.693608036
1.6488227359445269,1.733715502
1.6558172893075829,1.6996206809999999
1.593569089962995,1.712853382
1.7973124667306661,1.76237449
1.5935986583923243,1.6642189040000002
1.4826633106279932,1.7448248240000002
1.5318847638717923,1.62761813
1.4529362070297074,1.534010906
1.6343889993566059,1.6802966860000002
1.7163510693890573,1.731847475
1.767443038101756,1.56908125
1.7122111916126588,1.722345485
1.6727609215256587,1.713630454
1.6039339308322007,1.617712004
1.6818508300231492,1.6719141419999999
1.6214020367603685,1.584064573
1.5395528567797463,1.724497296
1.6724433169956974,1.7409740299999998
1.523294795870208,1.763108844
1.6858958209448471,1.729932835
1.6838758898892234,1.7829259610000001
1.6011592818769163,1.7065884009999999
1.6226862470190266,1.717429069
1.6788569276807541,1.6211353609999999
1.540606115328871,1.689078018
1.5519015964784595,1.681822264
1.6563718323717778,1.675657943
1.6764645659227024,1.600938744
1.7064365817430263,1.6143865499999999
1.6122925257204765,1.700603737
1.899845660278183,1.595686336
1.882818528490778,1.772888586
1.810916792635795,1.56671213
1.4863208757722925,1.665533599
1.6002271773324808,1.732213871
1.77822393063579,1.607300934
1.7350291567379044,1.6011581609999999
1.8062992378805158,1.690863582
1.7355546713896028,1.6873271619999999
1.6145539899337904,1.556584969
1.491157712775589,1.7100801429999999
1.4208037074522224,1.717879973
1.5147645385742015,1.7822533809999999
1.6444155081670775,1.55078442
1.68528139449195,1.720968005
1.7800588396513024,1.612105052
1.8660956191473146,1.614285487
1.6528570223952153,1.686764402
1.607471466140912,1.666043408
1.6143136836593681,1.69977589
1.6159976142051702,1.704466052
1.7519495757783339,1.484346966
2.0896099363473817,1.726484701
1.9183563251825289,1.699343651
2.055681235294204,1.712794976
1.666559143836332,1.722285217
1.8430098139687465,1.604757823
1.5500681279035855,1.567107757
1.6000656343437019,1.757261159
1.4238111238308917,1.61871671
1.6022966518993431,1.676465597
1.740185145916613,1.6354821510000002
1.494690972967216,1.758072226
1.6623435865526959,1.784981723
1.620409769346665,1.6714627709999998
1.725061041449046,1.714496321
1.6110636045687143,1.678972661
1.7977572584787818,1.706975564
1.5884054612051646,1.8264039589999999
1.5197517231079753,1.718030156
1.6261399598432533,1.573273836
1.7973680694207608,1.724643082
1.9052577123041303,1.658449839
1.8455759666157092,1.822246749
1.6757230751530447,1.719683028
1.5935704006312599,1.7449730799999998
1.6547040416894012,1.742091141
1.6053108654757313,1.751745765
1.7005719082962167,1.611141014
1.6520040303358556,1.7678128800000001
1.7048052524453379,1.732020671
1.6219200111240561,1.78803238
1.5911518952635715,1.701724545
1.7474586459079684,1.661488098
1.690839608580114,1.67643601
1.8420940421327012,1.700398015
1.6995893429982405,1.6805374039999998
1.8452832074660694,1.684112348
1.5441714178578425,1.777016557
1.616727742400814,1.697212837
1.7384941866925367,1.707584585
1.5568645837861845,1.854796043
1.6677073369310578,1.7317402689999999
1.5750722173367746,1.614605507
1.6327590515448098,1.7243797459999999
1.76012254613639,1.71304898
1.6236538738113695,1.779399132
1.9646416559274722,1.815326872
1.9246618112432083,1.720108223
1.7503056608463141,1.7097140830000002
1.821989177269622,1.675369026
1.474705532161866,1.608689052
1.6735815093372992,1.714799398
1.5194703907482736,1.652390162
1.8400324166811564,1.700198817
1.6891765811141404,1.710404516
1.6845758545539216,1.726154934
1.5786580250294313,1.714396598
1.7654674409333484,1.7725071510000001
1.7292748928147716,1.738506195
1.5646264274459023,1.727146169
1.3480916242755294,1.556906518
1.718734774636542,1.690636971
1.502982725868296,1.6703255540000002
1.5161184313576677,1.665313907
1.6777909548678602,1.5341220039999999
1.5930953394374914,1.709537904
1.6764014896243278,1.704641861
1.773061625278523,1.6633580270000001
1.775218559722374,1.814988636
1.871583305230824,1.698305342
1.9472185367087176,1.542731634
1.8636130848329857,1.698663118
1.5854390183954217,1.6653378079999999
1.7613945834070603,1.6275199439999999
1.781069496267713,1.730483
1.672923907663042,1.751621391
1.8149340297170211,1.7648962529999999
1.8242062399405907,1.73659531
1.5712661289961676,1.8458671679999998
1.5946312151162874,1.654189565
1.6231831778194663,1.744357834
1.4510865982846515,1.697276177
1.5945679653714682,1.7059997679999999
1.5837976642477998,1.689826429
1.578128598678535,1.7278924409999998
1.7705910832881473,1.714716452
1.876203458260598,1.604469311
1.636136300440513,1.650861143
1.6337372336394809,1.6460225149999999
1.6873750879917346,1.7752284619999998
1.7409419018581787,1.659896883
1.5662938335297938,1.556228084
1.7825880182714244,1.730504189
1.791627615937757,1.6222103049999999
1.7689244054480668,1.72460432
1.7817029113659204,1.601853169
1.6757697263737341,1.632126483
1.661638133876532,1.6754416490000001
1.5559699701759153,1.735190046
1.692494783130237,1.6528787839999999
1.4412185424739758,1.716462506
1.5818486970919003,1.753585641
1.5104501482964774,1.7907296750000001
1.6795195927633995,0.70309829
1.8619459485426564,1.7815451690000002
1.483276088725969,1.546959035
1.2890583236802677,1.694151163
1.2831528656669102,1.648017913
1.2850839363761137,1.774068395
1.3187620435277112,1.7239771099999999
1.326008378757012,1.619706425
1.1516429730128133,1.674374405
1.2500178845752268,1.746106287
1.2558253433074142,1.687740263
1.4417961715094914,1.721956153
1.4521375448500853,1.657539068
1.5685181174212537,1.7538703
1.5813370304088568,1.723043071
1.4618726047411692,1.709100865
1.3304981456750493,1.532202658
1.3021803382535142,1.7850275230000001
1.2983451885331776,1.707276882
1.5357384744641278,1.656025815
1.423979106635683,1.6258965920000001
1.6755260940189984,1.675680464
2.077019278552669,1.672530418
1.460750884751192,1.662923165
1.3092854559109603,1.647930257
1.5465965399281036,1.684290942
1.3580384290253669,1.661250938
1.4784877924622788,1.649642108
1.4483859978930282,1.700217858
1.3815810624389246,1.698495326
1.5569916417904315,1.721442962
1.52403730616195,1.678456146
1.4831218109011504,1.692834416
1.557805297460996,1.615088814
1.5450712312646004,1.762843176
1.456834962084987,1.692298817
1.737942215701865,1.734159174
1.5877410650956456,1.722874091
1.347507769207508,1.784733778
1.4146605955623535,1.7122476089999998
1.3381264279060603,1.5984496959999999
1.460234805169237,1.816624459
1.6416468292263602,1.624154262
1.388353858447804,1.649849413
1.5570192103385376,1.598873859
1.456912132376918,1.746041425
1.5489480296061087,1.748483202
1.5088699198178193,1.6278740539999998
1.3620127082933664,1.685376304
1.613366148971099,1.690024172
1.472304085273068,1.7029021800000002
1.3666625841966173,1.697914699
1.4790654133310506,1.618075888
1.4852180791600207,1.6956036540000001
1.5972466328892314,1.6743046320000001
1.694511636381313,1.614963059
1.2917050989406138,1.8045962960000002
1.5007548000967053,1.713402943
1.4173603185486388,1.718955008
1.5198538764238954,1.622975683
1.330135098699974,1.71714061
1.4262976760597783,1.718762849
1.4374504126334733,1.6456781010000001
1.4219790520116593,1.6063632810000001
1.4160486239914452,1.68788788
1.7562851781400168,1.622289521
1.6648163897672468,1.708898509
1.4535032039319893,1.712705825
1.521357696710198,1.68153615
1.4156249845243642,1.698498641
1.3574152435173108,1.7041396899999999
1.3529064166971227,1.645248448
1.7353599894766234,1.588248469
1.5420183126002773,1.494724814
1.6308528133000626,1.572714252
1.4505860064239502,1.597793599
1.577951108107584,1.7357811600000002
1.4520212661595802,1.725527852
1.5911150417480282,1.733979257
1.3787428181122,1.737517078
1.5975394842506314,1.7560640840000001
1.4227491563442591,1.707107273
1.5577514030121182,1.69572651
1.4617650365946977,1.658949313
1.49232742020159,1.634088396
1.537288990074431,1.7146441000000001
1.485066664190926,1.6491688839999998
1.5609869442569018,1.7472526849999999
1.5584931276527094,1.859179781
1.4158720580829482,1.64774606
1.542696175418401,1.694985275
1.5572497201983124,1.723377854
1.6738211704381931,1.661059164
1.5349133409275064,1.574404236
1.3404983574163798,1.7060336999999999
1.4373852953946915,1.6871770769999999
1.4654119407082553,1.7239946449999999
1.3697321291544706,1.745119302
1.3771749433582552,1.609883878
1.4358536386953031,1.6156594659999999
1.3589244812649972,1.696782608
1.4409312826565428,1.646908098
1.4965505733878903,1.632581698
1.3629971890426165,1.692653033
1.3498764907536764,1.611159556
1.4255902479560738,1.490558695
1.4797112705063702,1.58242901
1.402507501726089,1.639858871
1.7424063028885228,1.745486302
1.5212332899908891,1.7149793359999999
1.5108617202886347,1.580980951
1.5652736741169657,1.7028698960000002
1.5344156191371514,1.719252513
1.5120332383108552,1.700351487
1.6337121701432922,1.6032256
1.4452359020531609,1.694728724
1.5070945455183795,1.5834035050000002
1.472426252938068,1.708801043
1.5151120397429068,1.63649041
1.4989701744887638,1.6883509509999999
1.4543269835084758,1.8390322829999999
1.6370651809797736,1.71467031
1.680746192627779,1.70981827
1.7253086805567122,1.695032052
1.4145017026676172,1.743419957
1.6953641139329805,1.7009557069999999
1.6126119919028774,1.685676066
1.554306299994116,1.607441252
1.5533590894188207,1.649046588
1.4975457472031515,1.644716587
1.620750730158152,1.656636063
1.5434499715284704,1.748547577
1.474011530852584,1.634433736
1.416848971340643,1.718766831
1.6146877178431414,1.607852523
1.4418609101294428,1.679157869
1.3469572279065198,1.726592799
1.5273245872590049,1.667853979
1.6910285867177528,1.7113274600000001
1.6074220598743985,1.580251861
1.5971780774207958,1.734357127
1.3613820594364496,1.691876159
1.6065796646917896,1.7103375600000001
1.504556559585812,1.6793641620000002
1.4648529766077576,1.65823281
1.4159713884614977,1.667545501
1.5627410766656595,1.643339632
1.4930938645769058,1.687116909
1.2207457207465635,1.7180141660000001
1.5776785831393312,1.6352780249999999
1.634985271082255,1.689530408
1.7267614090668917,1.625399073
1.3147677093865335,1.787534338
1.4985382199674326,1.701318272
1.4316784954666046,1.602652933
1.458680700600699,1.713707407
1.3419664148172605,1.6785384749999999
1.4659619170919553,1.723319085
1.7504070680763064,1.691630821
1.5222260455030499,1.805696481
1.5748611227724616,1.635345331
1.386642017180847,1.6619172469999999
1.316734092526544,1.668249664
1.4737930179134116,1.633466104
1.4302907219659866,1.6108277549999999
1.6879605954453734,1.805219329
1.443874287592541,1.700664978
1.5239346902933038,1.7391187609999998
1.9101571814636453,1.678840077
1.511433472651701,1.659805263
1.4979774626545763,1.678883542
1.478045563121025,1.710901061
1.6488082201688707,1.703186544
1.611183547716092,1.676250788
1.4718137494956272,1.695687617
1.3733224111218405,1.696396729
1.3467503515078847,1.678548736
1.7277144571741392,1.7165442739999999
1.460031873600598,1.718820475
1.5041721613278505,1.6476215170000001
1.3984572972268325,1.697300608
1.468686376779191,1.617281476
1.5489274508777782,1.78369829
1.5956141616941601,1.6661352950000001
1.52185226439359,1.6319366450000001
1.4652661626498475,1.709859393
1.591665052522024,1.6788562040000001
1.4102810404833395,1.69929774
1.503314305492429,1.6963756490000002
1.3064041001083906,1.637318375
1.5757103915829662,1.610288758
1.694651243602744,1.691867596
1.602710556223155,1.729058363
1.4013071647476358,1.7010045900000001
1.5899308635113931,1.647443051
1.3988770219988464,1.568235294
1.5534729686308257,0.68773998
1.9374066625753754,1.653739509
1.7090301597864195,1.680109133
1.5285531712285654,1.6290034
1.2990505992473933,1.678501486
1.3074230683017054,1.688291785
1.0700686786560563,1.6690937350000001
1.086340357580916,1.687980802
1.083161693864886,1.700937154
1.1001152133546972,1.709966248
1.0983029543096685,1.67975724
1.2622966793412576,1.655799586
1.2470437416474187,1.619301257
1.0307619095163338,1.64697041
1.168701549434376,1.6263413930000001
1.1932407543982912,1.682079025
1.284803649850396,1.6618536860000002
1.2772922481492675,1.674277236
1.2541909431643061,1.598763699
1.2856608107565402,1.564162506
1.0859861315898758,1.700376688
1.036464702843894,1.624351681
1.1171872528012463,1.671942864
1.186543827550003,1.6886297300000002
1.2751942072879516,1.654210026
1.4166866156378903,1.628966304
1.499801685394165,1.683795613
1.1704236699811856,1.671390929
0.9436180157941487,1.637521804
1.0892686797506783,1.6616938700000001
1.160267284207185,1.642198759
1.2014751991974686,1.640708144
1.1815143151682825,1.692107743
1.1958542395611134,1.6584486489999999
1.362772383700604,1.647390697
1.2177371933825896,1.618549336
1.083725367613314,1.50148933
1.2822455241686732,1.6249750939999998
1.2519573551104015,1.702915986
1.259466740061978,1.61336616
1.2218953220160953,1.6030005840000001
1.331315655568263,1.6479624400000001
1.2938502539626033,1.698611429
1.5471091947901547,1.702951954
1.3298226993737736,1.7303976300000001
1.3334609721390083,1.618893943
1.300645233988228,1.671781866
1.1940804757332053,1.725669049
1.4475839796287082,1.578173018
1.6158300302051234,1.643973319
1.2400451370022962,1.6491931549999999
1.2182797845629665,1.6313742850000001
1.2637590236872873,1.657283778
1.355573664778859,1.6071030419999999
1.1900239238802433,1.627192685
1.3431075734948255,1.572720058
1.2560092017406062,1.615041137
1.3924030383498365,1.736417667
1.6171128214259574,1.603576353
1.449459597935367,1.655440342
1.5161783623107883,1.765855876
1.2992009482924707,1.573335026
1.219354432766467,1.650990261
1.167939572424603,1.687805956
1.1643679645857292,1.626976885
1.3324272085505253,1.6445356260000001
1.342502784109781,1.584695153
1.4190974260011922,1.795001401
1.2698001028745285,1.7256461239999998
1.2220328919875665,1.6733099550000001
1.2540070473683045,1.7595909440000002
1.2637551386612622,1.711244977
1.6215895574376642,1.754574729
1.648264932952749,1.6109882039999999
1.7393810028251262,1.7152725229999999
1.4027866096713153,1.690667
1.777186244149732,1.7165444330000001
1.6550451362597747,1.659779948
1.6180929530987072,1.515740739
1.4377383850513648,1.6482642699999999
1.2659435507028125,1.659331725
1.28338581417374,1.60879582
1.2832335586456984,1.7120620340000001
1.4775531364540417,1.674295462
1.2856873558892274,1.7000527920000001
1.2324562299479966,1.628903184
1.3324148545623877,1.6578310630000002
1.4055290955715163,1.69271426
1.2964653601576885,1.5715169599999999
1.340583554886013,1.717146417
1.3823359838168507,1.673770795
1.2096372379900762,1.687372731
1.4734694173564589,1.6626809009999999
1.391157278845927,1.7721921859999998
1.2431866086906251,1.67350482
1.3135648947159788,1.5418758110000002
1.3044881485331346,1.669473869
1.1738150848661175,1.6172677260000001
1.262381915880426,1.745163658
1.5168443651879921,1.660154634
1.2524458514075556,1.691877278
1.29182093081787,1.715033333
1.204473609361865,1.6213848739999999
1.2490789595727223,1.667356116
1.276151803513415,1.692729626
1.282924156785164,1.681786109
1.5017003049847406,1.645721631
1.2816933871606866,1.7234233300000001
1.2489068466720683,1.7300611
1.0706632072687736,1.670894783
1.325114975439113,1.7141134660000001
1.3271359656056951,1.6314779019999999
1.2170474345628168,1.738992513
1.353196496681757,1.506268245
1.2510840641735326,1.7456443689999999
1.2111230037310252,1.675881299
1.2219845864163659,1.76245852
1.2255927331099083,1.615188547
1.1518790989978573,1.666430653
1.4473703640394096,1.685494635
1.5634023535666355,1.6105807479999998
1.295576312512186,1.65296262
1.3862757079550492,1.726602335
1.3546158863482731,1.656092868
1.4439081227098312,1.711286668
1.4871651557261885,1.6120991390000001
1.5640387617113012,1.6705080620000001
1.211446612615668,1.7146921640000001
1.2632046694957602,1.6493993200000001
1.3039530532691632,1.71344089
1.195136458303012,1.682417085
1.3193796975155851,1.689878561
1.301243842389362,1.669542201
1.4474603019198162,1.65122847
1.2716669336329145,1.751154878
1.4199563973302283,1.6814756370000001
1.3181704307816524,1.68369042
1.2593899054732205,1.651794588
1.3104881750151407,1.6511742520000001
1.0882858761611074,1.734719603
1.262751665277556,1.709952294
1.1273297720694497,1.68035014
1.2674256194240163,1.7682272239999999
1.475309709259537,1.7312740500000001
1.3004137099986355,1.651156801
1.4076771024396455,1.622284227
1.2258654450375523,1.6161819039999998
1.407028909948478,1.583075775
1.4388535168001013,1.695574666
1.5071794251425301,1.690688546
1.6595404856732936,1.721424185
1.1636794240384107,1.624277396
1.1957967610373985,1.557661443
1.4710994674002822,1.6561174699999999
1.3730126962623184,1.748053621
1.4161149835460871,1.627447431
1.1504186205298297,1.673067703
1.0820602360195126,1.733803205
1.2514790600982062,1.713260516
1.2089000589365175,1.697335733
1.3211426547304654,1.6658160880000001
1.232498164366329,1.708007341
1.2326910865029628,1.641997586
1.3533785559878575,1.720246137
1.3512425961733214,1.683180368
1.2440233453971454,1.6365181720000002
1.3127125319410018,1.727616647
1.5967102743184909,1.5230473469999999
1.430398527145185,1.579869982
1.6689803598783002,1.674657571
1.331995313762784,1.792145563
1.4228842601047629,1.6866734719999998
1.2226566346572065,1.755847643
1.3421819463830567,1.7220523920000002
1.4920117543125273,1.5714498909999999
1.3949968045187997,1.713207945
1.4944061874119876,1.68096538
1.3406685928462423,1.6296893639999999
1.3401469607797645,1.677806615
1.4662032381352266,1.710612521
1.3702361586773784,1.5872350549999998
1.2784622604124527,1.706468585
0.9475946491744971,1.6678171609999999
1.3113395081772645,1.6344803190000001
1.3648463807450124,1.7049393130000001
1.1745345431533016,1.6325860570000001
1.276066183790174,1.668520588
1.4921929891069294,1.663611851
1.2726783523966607,1.653605145
1.2127092567199675,1.64239392
1.2425272438814108,1.6809468189999999
1.4574977125001467,1.637151615
1.3821452321148378,1.691607629
1.4111891836020378,1.69702046
1.4677002430112347,1.701530765
1.230933548664526,1.6049837930000002
1.36624386894881,0.716528663
1.947275084000989,1.6657571340000001
1.9160164116078418,1.741485733
1.4677243195293534,1.6540514640000001
1.2602517673813745,1.717530579
1.0594669899539713,1.639447197
0.9690715525134309,1.5680500880000001
1.166199282463187,1.661506468
1.0871202779735352,1.672074223
1.032308288740671,1.62817751
1.0577771794070805,1.712562643
1.0910669392884027,1.632431601
0.9999658196229229,1.6236556260000001
1.0415956733584095,1.6886897520000002
1.0295883856493817,1.619324123
0.9353579779160129,1.613375561
0.9658058126828252,1.756581106
0.8935335219940926,1.619936145
1.0403368857535298,1.690996119
0.9414606068056302,1.706596462
1.0495203525345806,1.753020948
1.345601814013614,1.623728266
1.131775010827535,1.735171877
1.3447131334914253,1.6686814110000001
1.1609015835870775,1.6975844420000001
1.2351745123769338,1.602852078
1.1098323303561661,1.633062052
1.023915757463222,1.662374583
1.0376861454827948,1.560847066
0.9948736848913259,1.6547839469999999
1.2485248835166702,1.713078417
1.0178118835085548,1.694753925
0.9849730914381348,1.75235798
1.031380347887196,1.720079803
1.1354135897273767,1.705894156
0.9461136031310715,1.5528269620000001
1.1691962305006602,1.595432491
0.9830618328821074,1.6912088600000001
1.0050262283129052,1.563076108
0.9452546851416769,1.723039424
1.0275299219927805,1.641598066
0.9251346164852423,1.74202865
1.1394960451256317,1.6923600049999998
1.083145642709169,1.7105906800000001
1.2926960811573478,1.719308794
1.6434419218514187,1.717026073
1.4027410176428348,1.666185262
1.0778636377241952,1.694483309
0.9720990379626745,1.6191195779999998
0.995886530270319,1.71175564
0.9976315048869208,1.679961544
0.9710649605184778,1.675057256
0.9284154238728349,1.607323734
1.117069997474762,1.633949501
1.1352457159704001,1.6428473110000001
1.2146407119823823,1.6662860940000002
1.1785702414221773,1.6705499320000001
1.5405040682193525,1.7064361099999998
1.4556027730752366,1.7301288910000001
1.2429797459233813,1.69103585
1.1262791525881337,1.643403986
1.0316713604125867,1.63363887
1.2656441355847172,1.655846258
1.2770324718590544,1.719151059
1.1406462675454163,1.661464153
1.13368308423346,1.767901201
1.2143042967993694,1.547526123
1.0077753218153287,1.674843463
1.0079445634001651,1.727292628
0.8633741797388664,1.753215527
0.9982094429045104,1.7603477079999998
1.0898502210691885,1.658317014
1.0011100246542475,1.632957372
1.0950714695350652,1.660528023
1.0867024602489668,1.672861902
1.1242011336345719,1.598733555
1.0653587462739313,1.635089931
1.1246231304430923,1.775187588
1.2580138145356834,1.6562142880000001
1.3670515384489679,1.6723916399999998
1.3037997361065832,1.7809825400000001
1.1081404274111493,1.622336814
1.1655326931143137,1.588788125
1.0305095858521869,1.646122658
1.1340201578444455,1.63452171
0.9823809044054034,1.6446138829999999
1.0544528612209705,1.7773728530000001
1.0694519165273924,1.6847982639999999
1.1382261490662264,1.65857718
1.0197415169031556,1.74789543
1.2394472081081416,1.672009171
1.0555247681245712,1.671016369
1.154572899191705,1.678472249
1.0634325358076602,1.783483163
1.0059642352722697,1.629633186
0.9881491373734134,1.7132432039999999
0.8755375606912286,1.6397934840000001
0.9880123123532216,1.553644212
1.2369507335041647,1.701188872
1.086381616117094,1.655942521
1.134441366771671,1.684436921
1.3313501519423598,1.776728334
1.3345064811123288,1.655692945
1.204534170209717,1.743453849
1.3274058385169523,1.634453303
1.2404164996010394,1.729962189
1.244585096968223,1.740139078
1.3157416739991263,1.792747156
1.390709446395075,1.545540543
1.0937312434878155,1.7081428440000002
1.0916967736029612,1.667131863
1.0339211630328187,1.691795653
1.1470966165707437,1.688235854
1.066689635935187,1.7355653819999999
0.9345386221429807,1.6776394369999998
1.0003358044295119,1.676664435
0.942953206153709,1.655462051
1.137689907861407,1.628875393
0.9917299254040466,1.677373904
1.0447922926965705,1.5297392950000002
0.8728768579903761,1.662082855
1.069330890392727,1.62732268
0.8976736852380846,1.7826722940000002
0.940706482803922,1.597407212
0.9416858704232255,1.7137392679999999
1.024250282982858,1.6290549749999998
0.96754803692114,1.743782398
1.2331387507015028,1.594051553
1.2857625555900076,1.730693986
1.0052524046827793,1.689606087
1.0828764678447766,1.704329207
1.1319827230119648,1.7572854740000001
1.1841765089031673,1.726273855
1.1225810146951478,1.7094968929999999
1.231021258395033,1.611123174
1.0665246580231185,1.6243175029999999
1.1256245009307058,1.7012835210000001
1.3097748800002187,1.749132454
1.3126604095789884,1.638981555
1.2145737557094103,1.657510254
1.0325695881828236,1.580497119
1.0843858702615012,1.61055234
1.110009558620295,1.6236025729999999
0.9853737123717167,1.640606894
0.992383625767163,1.615893842
0.9515224742319781,1.597126171
1.1657455929312643,1.6785784129999999
1.3079125573754797,1.663043051
1.1320757308674254,1.6952702419999999
1.025078212724872,1.726525211
1.2225442933162738,1.599792082
1.1328774256980572,1.671005392
1.10037391119451,1.645698301
1.0633006819222066,1.727286918
1.2557514244265942,1.701953679
1.4150452009950139,1.646284091
1.100433318843189,1.6470908130000002
1.1567273120763297,1.66159133
1.060047190430336,1.622854153
1.0432097974111187,1.609486028
1.2530864699783235,1.623263006
1.2872674374979756,1.652461924
1.4671311627015258,1.666554211
1.5165897894046976,1.639677114
1.3040026203475963,1.710694915
1.0239501314528079,1.6421097439999999
0.9297354574172206,1.728182873
1.2367620453717083,1.617941777
0.996928462563908,1.68930068
1.1973063254774747,1.744852851
1.1732362965071255,1.60991007
1.1437713786392802,1.635330307
1.177841826856287,1.656905555
1.334102021822017,1.6824858310000002
1.2799071874733576,1.6374019990000002
1.3996066680841914,1.7450120820000001
1.1192041139410673,1.6441725
1.2296054188128573,1.6865426829999999
1.1522584116568757,1.6443272119999999
1.0250912028078552,1.6956522330000001
0.8822762046599891,1.6395647420000001
1.119977991701625,1.671881667
1.0726327151720336,1.7047660100000002
1.1583934171971089,1.780094257
1.1459076149889316,1.588803057
1.119364325987595,1.5956426270000001
1.1975208561190165,1.637610668
1.2947958304445888,1.687483708
1.1678796401101537,1.593437061
1.0499766914689515,1.68355072
0.9861905276090384,1.698998698
1.1033127372934146,1.7225198929999999
1.1676642874186616,1.661187509
1.1786593742235916,1.670012397
1.2620801741019219,1.671499189
1.3352173570057242,1.6493317159999998
1.3891182226038647,0.650261145
