0.892,0.924,0.142,0.099,0.366,0.19,0.063,0.283,0.318,0.761,0.365,0.759,0.664,0.854,0.193,0.688,0.18,0.089,0.666,0.746,0.288,0.967,0.697,0.131,0.424,0.569,0.058,0.5,0.682,0.207,0.047,0.591,0.362,0.219,0.168,0.125,0.668,0.615,0.681,0.998,0.476,0.094,0.291,0.65,0.954,0.277,0.917,0.324,0.978,0.612,0.605,0.826,0.233,0.829,0.383,0.249,0.393,0.799,0.58,0.526,0.749,0.302,0.886,0.075,0.861,0.875,0.532,0.7,0.768,0.717,0.198,0.448,0.153,0.504,0.161,0.536,0.802,0.36,0.655,0.484,0.021,0.629,0.827,0.155,0.047,0.466,0.616,0.766,0.584,0.65,0.371,0.544,0.873,0.025,0.307,0.665,0.991,0.641,0.456,0.956,0.297,0.492,0.055,0.158,0.159,0.034,0.882,0.275,0.605,0.107,0.674,0.53,0.399,0.511,0.696,1,0.162,0.857,0.794,0.474,0.052,0.807,0.137,0.361,0.787,0.54,0.51,0.533,0.337,0.804,0.365,0.25,0.622,0.779,0.612,0.897,0.61,0.823,0.49,0.559,0.027,0.86,0.508,0.018,0.8,0.023,0.168,0.982,0.06,0.485,0.006,0.311,0.711,0.758,0.369,0.484,0.37,0.663,0.845,0.688,0.72,0.542,0.617,0.325,0.321,0.99,0.328,0.486,0.755,0.935,0.421,0.592,0.637,0.431,0.576,0.442,0.999,0.58,0.533,0.969,0.623,0.441,0.506,0.86,0.883,0.672,0.32,0.729,0.952,0.187,0.336,0.941,0.879,0.014,0.605,0.804,0.137,0.408,0.218,0.405,0.461,0.46,0.089,0.208,0.627,0.927,0.694,0.18,0.349,0.915,0.349,0.837,0.702,0.14,0.738,0.249,0.042,0.142,0.547,0.308,0.481,0.465,0.725,0.856,0.825,0.584,0.254,0.691,0.33,0.903,0.932,0.389,0.999,0.295,0.741,0.568,0.067,0.621,0.022,0.796,0.751,0.926,0.388,0.483,0.707,0.919,0.687,0.151,0.422,0.958,0.778,0.271,0.703,0.067,0.421,0.222,0.533,0.935,0.031,0.3,0.386,0.466,0.631,0.953,0.033,0.593,0.249,0.859,0.423,0.564,0.518,0.701,0.828,0.195,0.791,0.387,0.081,0.71,0.414,0.514,0.888,0.099,0.092,0.16,0.828,0.024,0.929,0.85,0.82,0.003,0.486,0.547,0.395,0.786,0.238,0.136,0.837,0.06,0.456,0.514,0.91,0.754,0.818,0.849,0.187,0.978,0.235,0.249,0.544,0.702,0.798,0.244,0.085,1,0.916,0.194,0.994,0.49,0.224,0.562,0.044,0.443,0.716,0.741,0.037,0.105,0.06,0.1,0.905,0.086,0.883,0.853,0.861,0.258,0.673,0.299,0.247,0.312,0.325,0.402,0.377,0.319,0.642,0.267,0.246,0.373,0.344,0.55,0.97,0.358,0.837,0.045,0.652,0.376,0.666,0.667,0.451,0.268,0.637,0.06,0.398,0.064,0.198,0.678,0.565,0.498,0.202,0.5,0.168,0.861,0.812,0.401,0.757,0.065,0.146,0.911,0.018,0.984,0.967,0.018,0.708,0.386,0.612,0.248,0.291,0.461,0.913,0.687,0.789,0.613,0.9,0.391,0.654,0.897,0.14,0.626,0.899,0.588,0.932,0.984,0.978,0.499,0.994,0.402,0.947,0.853,0.867,0.151,0.553,0.94,0.989,0.183,0.522,0.625,0.457,0.971,0.55,0,0.87,0.715,0.595,0.283,0.494,0.982,0.171,0.584,0.632,0.838,0.155,0.67,0.946,0.065,0.154,0.261,0.092,0.343,0.343,0.486,0.722,0.51,0.467,0.311,0.076,0.508,0.231,0.955,0.145,0.838,0.52,0.035,0.97,0.147,0.702,0.534,0.641,0.641,0.808,0.001,0.676,0.878,0.902,0.237,0.407,0.049,0.111,0.965,0.706,0.349,0.519,0.416,0.376,0.317,0.663,0.012,0.29,0.989,0.161,0.878,0.152,0.054,0.479,0.304,0.621,0.254,0.361,0.693,0.781,0.271,0.073,0.91,0.361,0.38,0.212,0.94,0.466,0.158,0.993,0.615,0.536,0.162,0.802,0.473,0.803,0.382,0.535,0.641,0.025,0.03,0.74,0.322,0.593,0.421,0.425,0.304,0.332,0.323,0.149,0.429,0.864,0.162,0.29,0.806,0.676,0.045,0.202,0.117,0.412,0.498,0.385,0.743,0.964,0.499,0.228,0.516,0.864,0.284,0.171,0.961,0.018,0.353,0.912,0.098,0.464,0.414,0.344,0.256,0.192,0.512,0.889,0.056,0.139,0.034,0.906,0.895,0.392,0.757,0.3,0.334,0.18,0.414,0.752,0.156,0.263,0.249,0.942,0.643,0.078,0.834,0.724,0.899,0.063,0.172,0.121,0.656,0.486,0.449,0.988,0.769,0.77,0.173,0.079,0.747,0.501,0.112,0.501,0.855,0.121,0.341,0.76,0.501,0.388,0.215,0.253,0.693,0.347,0.92,0.273,0.811,0.879,0.397,0.155,0.943,0.989,0.524,0.044,0.928,0.89,0.893,0.797,0.072,0.628,0.487,0.22,0.858,0.596,0.151,0.222,0.568,0.792,0.444,0.401,0.152,0.834,0.68,0.032,0.444,0.074,0.598,0.437,0.237
0.924,0.142,0.099,0.366,0.19,0.063,0.595,0.318,0.761,0.365,0.759,0.664,0.854,0.738,0.688,0.18,0.089,0.666,0.746,0.288,0.744,0.697,0.131,0.424,0.569,0.058,0.5,0.559,0.207,0.047,0.591,0.362,0.219,0.168,0.589,0.668,0.615,0.681,0.998,0.476,0.094,0.984,0.65,0.954,0.277,0.917,0.324,0.978,0.559,0.605,0.826,0.233,0.829,0.383,0.249,0.708,0.799,0.58,0.526,0.749,0.302,0.886,0.618,0.861,0.875,0.532,0.7,0.768,0.717,0.831,0.448,0.153,0.504,0.161,0.536,0.802,0.408,0.655,0.484,0.021,0.629,0.827,0.155,0.754,0.466,0.616,0.766,0.584,0.65,0.371,0.365,0.873,0.025,0.307,0.665,0.991,0.641,0.863,0.956,0.297,0.492,0.055,0.158,0.159,0.038,0.882,0.275,0.605,0.107,0.674,0.53,0.99,0.511,0.696,1,0.162,0.857,0.794,0.584,0.052,0.807,0.137,0.361,0.787,0.54,0.614,0.533,0.337,0.804,0.365,0.25,0.622,0.922,0.612,0.897,0.61,0.823,0.49,0.559,0.551,0.86,0.508,0.018,0.8,0.023,0.168,0.103,0.06,0.485,0.006,0.311,0.711,0.758,0.039,0.484,0.37,0.663,0.845,0.688,0.72,0.545,0.617,0.325,0.321,0.99,0.328,0.486,0.498,0.935,0.421,0.592,0.637,0.431,0.576,0.222,0.999,0.58,0.533,0.969,0.623,0.441,0.269,0.86,0.883,0.672,0.32,0.729,0.952,0.992,0.336,0.941,0.879,0.014,0.605,0.804,0.013,0.408,0.218,0.405,0.461,0.46,0.089,0.8,0.627,0.927,0.694,0.18,0.349,0.915,0.335,0.837,0.702,0.14,0.738,0.249,0.042,0.272,0.547,0.308,0.481,0.465,0.725,0.856,0.734,0.584,0.254,0.691,0.33,0.903,0.932,0.875,0.999,0.295,0.741,0.568,0.067,0.621,0.12,0.796,0.751,0.926,0.388,0.483,0.707,0.511,0.687,0.151,0.422,0.958,0.778,0.271,0.947,0.067,0.421,0.222,0.533,0.935,0.031,0.806,0.386,0.466,0.631,0.953,0.033,0.593,0.867,0.859,0.423,0.564,0.518,0.701,0.828,0.696,0.791,0.387,0.081,0.71,0.414,0.514,0.765,0.099,0.092,0.16,0.828,0.024,0.929,0.726,0.82,0.003,0.486,0.547,0.395,0.786,0.642,0.136,0.837,0.06,0.456,0.514,0.91,0.423,0.818,0.849,0.187,0.978,0.235,0.249,0.153,0.702,0.798,0.244,0.085,1,0.916,0.027,0.994,0.49,0.224,0.562,0.044,0.443,0.215,0.741,0.037,0.105,0.06,0.1,0.905,0.016,0.883,0.853,0.861,0.258,0.673,0.299,0.908,0.312,0.325,0.402,0.377,0.319,0.642,0.124,0.246,0.373,0.344,0.55,0.97,0.358,0.876,0.045,0.652,0.376,0.666,0.667,0.451,0.614,0.637,0.06,0.398,0.064,0.198,0.678,0.029,0.498,0.202,0.5,0.168,0.861,0.812,0.197,0.757,0.065,0.146,0.911,0.018,0.984,0.279,0.018,0.708,0.386,0.612,0.248,0.291,0.84,0.913,0.687,0.789,0.613,0.9,0.391,0.386,0.897,0.14,0.626,0.899,0.588,0.932,0.13,0.978,0.499,0.994,0.402,0.947,0.853,0.786,0.151,0.553,0.94,0.989,0.183,0.522,0.077,0.457,0.971,0.55,0,0.87,0.715,0.795,0.283,0.494,0.982,0.171,0.584,0.632,0.592,0.155,0.67,0.946,0.065,0.154,0.261,0.406,0.343,0.343,0.486,0.722,0.51,0.467,0.965,0.076,0.508,0.231,0.955,0.145,0.838,0.562,0.035,0.97,0.147,0.702,0.534,0.641,0.272,0.808,0.001,0.676,0.878,0.902,0.237,0.115,0.049,0.111,0.965,0.706,0.349,0.519,0.535,0.376,0.317,0.663,0.012,0.29,0.989,0.347,0.878,0.152,0.054,0.479,0.304,0.621,0.114,0.361,0.693,0.781,0.271,0.073,0.91,0.409,0.38,0.212,0.94,0.466,0.158,0.993,0.363,0.536,0.162,0.802,0.473,0.803,0.382,0.003,0.641,0.025,0.03,0.74,0.322,0.593,0.494,0.425,0.304,0.332,0.323,0.149,0.429,0.82,0.162,0.29,0.806,0.676,0.045,0.202,0.168,0.412,0.498,0.385,0.743,0.964,0.499,0.994,0.516,0.864,0.284,0.171,0.961,0.018,0.799,0.912,0.098,0.464,0.414,0.344,0.256,0.181,0.512,0.889,0.056,0.139,0.034,0.906,0.256,0.392,0.757,0.3,0.334,0.18,0.414,0.767,0.156,0.263,0.249,0.942,0.643,0.078,0.022,0.724,0.899,0.063,0.172,0.121,0.656,0.593,0.449,0.988,0.769,0.77,0.173,0.079,0.175,0.501,0.112,0.501,0.855,0.121,0.341,0.178,0.501,0.388,0.215,0.253,0.693,0.347,0.736,0.273,0.811,0.879,0.397,0.155,0.943,0.969,0.524,0.044,0.928,0.89,0.893,0.797,0.562,0.628,0.487,0.22,0.858,0.596,0.151,0.769,0.568,0.792,0.444,0.401,0.152,0.834,0.872,0.032,0.444,0.074,0.598,0.437,0.237,0.435
0.142,0.099,0.366,0.19,0.063,0.595,0.033,0.761,0.365,0.759,0.664,0.854,0.738,0.379,0.18,0.089,0.666,0.746,0.288,0.744,0.748,0.131,0.424,0.569,0.058,0.5,0.559,0.061,0.047,0.591,0.362,0.219,0.168,0.589,0.925,0.615,0.681,0.998,0.476,0.094,0.984,0.303,0.954,0.277,0.917,0.324,0.978,0.559,0.565,0.826,0.233,0.829,0.383,0.249,0.708,0.019,0.58,0.526,0.749,0.302,0.886,0.618,0.227,0.875,0.532,0.7,0.768,0.717,0.831,0.461,0.153,0.504,0.161,0.536,0.802,0.408,0.792,0.484,0.021,0.629,0.827,0.155,0.754,0.859,0.616,0.766,0.584,0.65,0.371,0.365,0.066,0.025,0.307,0.665,0.991,0.641,0.863,0.659,0.297,0.492,0.055,0.158,0.159,0.038,0.509,0.275,0.605,0.107,0.674,0.53,0.99,0.493,0.696,1,0.162,0.857,0.794,0.584,0.584,0.807,0.137,0.361,0.787,0.54,0.614,0.408,0.337,0.804,0.365,0.25,0.622,0.922,0.613,0.897,0.61,0.823,0.49,0.559,0.551,0.164,0.508,0.018,0.8,0.023,0.168,0.103,0.428,0.485,0.006,0.311,0.711,0.758,0.039,0.356,0.37,0.663,0.845,0.688,0.72,0.545,0.798,0.325,0.321,0.99,0.328,0.486,0.498,0.727,0.421,0.592,0.637,0.431,0.576,0.222,0.707,0.58,0.533,0.969,0.623,0.441,0.269,0.572,0.883,0.672,0.32,0.729,0.952,0.992,0.31,0.941,0.879,0.014,0.605,0.804,0.013,0.459,0.218,0.405,0.461,0.46,0.089,0.8,0.198,0.927,0.694,0.18,0.349,0.915,0.335,0.541,0.702,0.14,0.738,0.249,0.042,0.272,0.024,0.308,0.481,0.465,0.725,0.856,0.734,0.046,0.254,0.691,0.33,0.903,0.932,0.875,0.232,0.295,0.741,0.568,0.067,0.621,0.12,0.897,0.751,0.926,0.388,0.483,0.707,0.511,0.842,0.151,0.422,0.958,0.778,0.271,0.947,0.788,0.421,0.222,0.533,0.935,0.031,0.806,0.741,0.466,0.631,0.953,0.033,0.593,0.867,0.88,0.423,0.564,0.518,0.701,0.828,0.696,0.948,0.387,0.081,0.71,0.414,0.514,0.765,0.394,0.092,0.16,0.828,0.024,0.929,0.726,0.274,0.003,0.486,0.547,0.395,0.786,0.642,0.812,0.837,0.06,0.456,0.514,0.91,0.423,0.521,0.849,0.187,0.978,0.235,0.249,0.153,0.076,0.798,0.244,0.085,1,0.916,0.027,0.345,0.49,0.224,0.562,0.044,0.443,0.215,0.489,0.037,0.105,0.06,0.1,0.905,0.016,0.607,0.853,0.861,0.258,0.673,0.299,0.908,0.92,0.325,0.402,0.377,0.319,0.642,0.124,0.267,0.373,0.344,0.55,0.97,0.358,0.876,0.167,0.652,0.376,0.666,0.667,0.451,0.614,0.202,0.06,0.398,0.064,0.198,0.678,0.029,0.994,0.202,0.5,0.168,0.861,0.812,0.197,0.203,0.065,0.146,0.911,0.018,0.984,0.279,0.997,0.708,0.386,0.612,0.248,0.291,0.84,0.642,0.687,0.789,0.613,0.9,0.391,0.386,0.5,0.14,0.626,0.899,0.588,0.932,0.13,0.722,0.499,0.994,0.402,0.947,0.853,0.786,0.341,0.553,0.94,0.989,0.183,0.522,0.077,0.543,0.971,0.55,0,0.87,0.715,0.795,0.351,0.494,0.982,0.171,0.584,0.632,0.592,0.983,0.67,0.946,0.065,0.154,0.261,0.406,0.509,0.343,0.486,0.722,0.51,0.467,0.965,0.586,0.508,0.231,0.955,0.145,0.838,0.562,0.312,0.97,0.147,0.702,0.534,0.641,0.272,0.005,0.001,0.676,0.878,0.902,0.237,0.115,0.551,0.111,0.965,0.706,0.349,0.519,0.535,0.428,0.317,0.663,0.012,0.29,0.989,0.347,0.608,0.152,0.054,0.479,0.304,0.621,0.114,0.691,0.693,0.781,0.271,0.073,0.91,0.409,0.647,0.212,0.94,0.466,0.158,0.993,0.363,0.354,0.162,0.802,0.473,0.803,0.382,0.003,0.56,0.025,0.03,0.74,0.322,0.593,0.494,0.433,0.304,0.332,0.323,0.149,0.429,0.82,0.356,0.29,0.806,0.676,0.045,0.202,0.168,0.637,0.498,0.385,0.743,0.964,0.499,0.994,0.043,0.864,0.284,0.171,0.961,0.018,0.799,0.371,0.098,0.464,0.414,0.344,0.256,0.181,0.923,0.889,0.056,0.139,0.034,0.906,0.256,0.537,0.757,0.3,0.334,0.18,0.414,0.767,0.402,0.263,0.249,0.942,0.643,0.078,0.022,0.596,0.899,0.063,0.172,0.121,0.656,0.593,0.42,0.988,0.769,0.77,0.173,0.079,0.175,0.736,0.112,0.501,0.855,0.121,0.341,0.178,0.066,0.388,0.215,0.253,0.693,0.347,0.736,0.478,0.811,0.879,0.397,0.155,0.943,0.969,0.879,0.044,0.928,0.89,0.893,0.797,0.562,0.662,0.487,0.22,0.858,0.596,0.151,0.769,0.356,0.792,0.444,0.401,0.152,0.834,0.872,0.443,0.444,0.074,0.598,0.437,0.237,0.435,0.984
0.099,0.366,0.19,0.063,0.595,0.033,0.685,0.365,0.759,0.664,0.854,0.738,0.379,0.637,0.089,0.666,0.746,0.288,0.744,0.748,0.622,0.424,0.569,0.058,0.5,0.559,0.061,0.221,0.591,0.362,0.219,0.168,0.589,0.925,0.442,0.681,0.998,0.476,0.094,0.984,0.303,0.004,0.277,0.917,0.324,0.978,0.559,0.565,0.583,0.233,0.829,0.383,0.249,0.708,0.019,0.437,0.526,0.749,0.302,0.886,0.618,0.227,0.086,0.532,0.7,0.768,0.717,0.831,0.461,0.89,0.504,0.161,0.536,0.802,0.408,0.792,0.454,0.021,0.629,0.827,0.155,0.754,0.859,0.776,0.766,0.584,0.65,0.371,0.365,0.066,0.573,0.307,0.665,0.991,0.641,0.863,0.659,0.127,0.492,0.055,0.158,0.159,0.038,0.509,0.726,0.605,0.107,0.674,0.53,0.99,0.493,0.379,1,0.162,0.857,0.794,0.584,0.584,0.468,0.137,0.361,0.787,0.54,0.614,0.408,0.66,0.804,0.365,0.25,0.622,0.922,0.613,0.813,0.61,0.823,0.49,0.559,0.551,0.164,0.386,0.018,0.8,0.023,0.168,0.103,0.428,0.261,0.006,0.311,0.711,0.758,0.039,0.356,0.787,0.663,0.845,0.688,0.72,0.545,0.798,0.045,0.321,0.99,0.328,0.486,0.498,0.727,0.433,0.592,0.637,0.431,0.576,0.222,0.707,0.591,0.533,0.969,0.623,0.441,0.269,0.572,0.269,0.672,0.32,0.729,0.952,0.992,0.31,0.396,0.879,0.014,0.605,0.804,0.013,0.459,0.422,0.405,0.461,0.46,0.089,0.8,0.198,0.426,0.694,0.18,0.349,0.915,0.335,0.541,0.177,0.14,0.738,0.249,0.042,0.272,0.024,0.401,0.481,0.465,0.725,0.856,0.734,0.046,0.32,0.691,0.33,0.903,0.932,0.875,0.232,0.503,0.741,0.568,0.067,0.621,0.12,0.897,0.971,0.926,0.388,0.483,0.707,0.511,0.842,0.253,0.422,0.958,0.778,0.271,0.947,0.788,0.924,0.222,0.533,0.935,0.031,0.806,0.741,0.058,0.631,0.953,0.033,0.593,0.867,0.88,0.075,0.564,0.518,0.701,0.828,0.696,0.948,0.74,0.081,0.71,0.414,0.514,0.765,0.394,0.213,0.16,0.828,0.024,0.929,0.726,0.274,0.992,0.486,0.547,0.395,0.786,0.642,0.812,0.03,0.06,0.456,0.514,0.91,0.423,0.521,0.668,0.187,0.978,0.235,0.249,0.153,0.076,0.683,0.244,0.085,1,0.916,0.027,0.345,0.985,0.224,0.562,0.044,0.443,0.215,0.489,0.04,0.105,0.06,0.1,0.905,0.016,0.607,0.884,0.861,0.258,0.673,0.299,0.908,0.92,0.585,0.402,0.377,0.319,0.642,0.124,0.267,0.551,0.344,0.55,0.97,0.358,0.876,0.167,0.871,0.376,0.666,0.667,0.451,0.614,0.202,0.917,0.398,0.064,0.198,0.678,0.029,0.994,0.083,0.5,0.168,0.861,0.812,0.197,0.203,0.109,0.146,0.911,0.018,0.984,0.279,0.997,0.112,0.386,0.612,0.248,0.291,0.84,0.642,0.82,0.789,0.613,0.9,0.391,0.386,0.5,0.311,0.626,0.899,0.588,0.932,0.13,0.722,0.162,0.994,0.402,0.947,0.853,0.786,0.341,0.086,0.94,0.989,0.183,0.522,0.077,0.543,0.61,0.55,0,0.87,0.715,0.795,0.351,0.774,0.982,0.171,0.584,0.632,0.592,0.983,0.372,0.946,0.065,0.154,0.261,0.406,0.509,0.056,0.486,0.722,0.51,0.467,0.965,0.586,0.809,0.231,0.955,0.145,0.838,0.562,0.312,0.781,0.147,0.702,0.534,0.641,0.272,0.005,0.535,0.676,0.878,0.902,0.237,0.115,0.551,0.805,0.965,0.706,0.349,0.519,0.535,0.428,0.537,0.663,0.012,0.29,0.989,0.347,0.608,0.446,0.054,0.479,0.304,0.621,0.114,0.691,0.742,0.781,0.271,0.073,0.91,0.409,0.647,0.793,0.94,0.466,0.158,0.993,0.363,0.354,0.909,0.802,0.473,0.803,0.382,0.003,0.56,0.551,0.03,0.74,0.322,0.593,0.494,0.433,0.582,0.332,0.323,0.149,0.429,0.82,0.356,0.357,0.806,0.676,0.045,0.202,0.168,0.637,0.461,0.385,0.743,0.964,0.499,0.994,0.043,0.934,0.284,0.171,0.961,0.018,0.799,0.371,0.442,0.464,0.414,0.344,0.256,0.181,0.923,0.225,0.056,0.139,0.034,0.906,0.256,0.537,0.545,0.3,0.334,0.18,0.414,0.767,0.402,0.544,0.249,0.942,0.643,0.078,0.022,0.596,0.129,0.063,0.172,0.121,0.656,0.593,0.42,0.231,0.769,0.77,0.173,0.079,0.175,0.736,0.399,0.501,0.855,0.121,0.341,0.178,0.066,0.505,0.215,0.253,0.693,0.347,0.736,0.478,0.752,0.879,0.397,0.155,0.943,0.969,0.879,0.617,0.928,0.89,0.893,0.797,0.562,0.662,0.563,0.22,0.858,0.596,0.151,0.769,0.356,0.78,0.444,0.401,0.152,0.834,0.872,0.443,0.106,0.074,0.598,0.437,0.237,0.435,0.984,0.084
0.366,0.19,0.063,0.595,0.033,0.685,0.758,0.759,0.664,0.854,0.738,0.379,0.637,0.372,0.666,0.746,0.288,0.744,0.748,0.622,0.091,0.569,0.058,0.5,0.559,0.061,0.221,0.344,0.362,0.219,0.168,0.589,0.925,0.442,0.916,0.998,0.476,0.094,0.984,0.303,0.004,0.111,0.917,0.324,0.978,0.559,0.565,0.583,0.698,0.829,0.383,0.249,0.708,0.019,0.437,0.682,0.749,0.302,0.886,0.618,0.227,0.086,0.765,0.7,0.768,0.717,0.831,0.461,0.89,0.94,0.161,0.536,0.802,0.408,0.792,0.454,0.434,0.629,0.827,0.155,0.754,0.859,0.776,0.104,0.584,0.65,0.371,0.365,0.066,0.573,0.159,0.665,0.991,0.641,0.863,0.659,0.127,0.074,0.055,0.158,0.159,0.038,0.509,0.726,0.156,0.107,0.674,0.53,0.99,0.493,0.379,0.199,0.162,0.857,0.794,0.584,0.584,0.468,0.59,0.361,0.787,0.54,0.614,0.408,0.66,0.33,0.365,0.25,0.622,0.922,0.613,0.813,0.151,0.823,0.49,0.559,0.551,0.164,0.386,0.388,0.8,0.023,0.168,0.103,0.428,0.261,0.557,0.311,0.711,0.758,0.039,0.356,0.787,0.672,0.845,0.688,0.72,0.545,0.798,0.045,0.59,0.99,0.328,0.486,0.498,0.727,0.433,0.324,0.637,0.431,0.576,0.222,0.707,0.591,0.564,0.969,0.623,0.441,0.269,0.572,0.269,0.905,0.32,0.729,0.952,0.992,0.31,0.396,0.224,0.014,0.605,0.804,0.013,0.459,0.422,0.511,0.461,0.46,0.089,0.8,0.198,0.426,0.509,0.18,0.349,0.915,0.335,0.541,0.177,0.923,0.738,0.249,0.042,0.272,0.024,0.401,0.691,0.465,0.725,0.856,0.734,0.046,0.32,0.122,0.33,0.903,0.932,0.875,0.232,0.503,0.606,0.568,0.067,0.621,0.12,0.897,0.971,0.487,0.388,0.483,0.707,0.511,0.842,0.253,0.042,0.958,0.778,0.271,0.947,0.788,0.924,0.903,0.533,0.935,0.031,0.806,0.741,0.058,0.305,0.953,0.033,0.593,0.867,0.88,0.075,0.982,0.518,0.701,0.828,0.696,0.948,0.74,0.98,0.71,0.414,0.514,0.765,0.394,0.213,0.885,0.828,0.024,0.929,0.726,0.274,0.992,0.256,0.547,0.395,0.786,0.642,0.812,0.03,0.071,0.456,0.514,0.91,0.423,0.521,0.668,0.983,0.978,0.235,0.249,0.153,0.076,0.683,0.565,0.085,1,0.916,0.027,0.345,0.985,0.281,0.562,0.044,0.443,0.215,0.489,0.04,0.946,0.06,0.1,0.905,0.016,0.607,0.884,0.561,0.258,0.673,0.299,0.908,0.92,0.585,0.122,0.377,0.319,0.642,0.124,0.267,0.551,0.909,0.55,0.97,0.358,0.876,0.167,0.871,0.345,0.666,0.667,0.451,0.614,0.202,0.917,0.46,0.064,0.198,0.678,0.029,0.994,0.083,0.779,0.168,0.861,0.812,0.197,0.203,0.109,0.751,0.911,0.018,0.984,0.279,0.997,0.112,0.54,0.612,0.248,0.291,0.84,0.642,0.82,0.392,0.613,0.9,0.391,0.386,0.5,0.311,0.343,0.899,0.588,0.932,0.13,0.722,0.162,0.118,0.402,0.947,0.853,0.786,0.341,0.086,0.219,0.989,0.183,0.522,0.077,0.543,0.61,0.023,0,0.87,0.715,0.795,0.351,0.774,0.86,0.171,0.584,0.632,0.592,0.983,0.372,0.224,0.065,0.154,0.261,0.406,0.509,0.056,0.599,0.722,0.51,0.467,0.965,0.586,0.809,0.426,0.955,0.145,0.838,0.562,0.312,0.781,0.813,0.702,0.534,0.641,0.272,0.005,0.535,0.235,0.878,0.902,0.237,0.115,0.551,0.805,0.638,0.706,0.349,0.519,0.535,0.428,0.537,0.686,0.012,0.29,0.989,0.347,0.608,0.446,0.958,0.479,0.304,0.621,0.114,0.691,0.742,0.913,0.271,0.073,0.91,0.409,0.647,0.793,0.118,0.466,0.158,0.993,0.363,0.354,0.909,0.471,0.473,0.803,0.382,0.003,0.56,0.551,0.441,0.74,0.322,0.593,0.494,0.433,0.582,0.888,0.323,0.149,0.429,0.82,0.356,0.357,0.495,0.676,0.045,0.202,0.168,0.637,0.461,0.13,0.743,0.964,0.499,0.994,0.043,0.934,0.563,0.171,0.961,0.018,0.799,0.371,0.442,0.516,0.414,0.344,0.256,0.181,0.923,0.225,0.83,0.139,0.034,0.906,0.256,0.537,0.545,0.122,0.334,0.18,0.414,0.767,0.402,0.544,0.292,0.942,0.643,0.078,0.022,0.596,0.129,0.778,0.172,0.121,0.656,0.593,0.42,0.231,0.477,0.77,0.173,0.079,0.175,0.736,0.399,0.217,0.855,0.121,0.341,0.178,0.066,0.505,0.027,0.253,0.693,0.347,0.736,0.478,0.752,0.986,0.397,0.155,0.943,0.969,0.879,0.617,0.427,0.89,0.893,0.797,0.562,0.662,0.563,0.469,0.858,0.596,0.151,0.769,0.356,0.78,0.888,0.401,0.152,0.834,0.872,0.443,0.106,0.687,0.598,0.437,0.237,0.435,0.984,0.084,0.657
0.19,0.063,0.595,0.033,0.685,0.758,0.704,0.664,0.854,0.738,0.379,0.637,0.372,0.548,0.746,0.288,0.744,0.748,0.622,0.091,0.866,0.058,0.5,0.559,0.061,0.221,0.344,0.105,0.219,0.168,0.589,0.925,0.442,0.916,0.95,0.476,0.094,0.984,0.303,0.004,0.111,0.289,0.324,0.978,0.559,0.565,0.583,0.698,0.704,0.383,0.249,0.708,0.019,0.437,0.682,0.347,0.302,0.886,0.618,0.227,0.086,0.765,0.815,0.768,0.717,0.831,0.461,0.89,0.94,0.013,0.536,0.802,0.408,0.792,0.454,0.434,0.103,0.827,0.155,0.754,0.859,0.776,0.104,0.741,0.65,0.371,0.365,0.066,0.573,0.159,0.755,0.991,0.641,0.863,0.659,0.127,0.074,0.696,0.158,0.159,0.038,0.509,0.726,0.156,0.64,0.674,0.53,0.99,0.493,0.379,0.199,0.559,0.857,0.794,0.584,0.584,0.468,0.59,0.474,0.787,0.54,0.614,0.408,0.66,0.33,0.95,0.25,0.622,0.922,0.613,0.813,0.151,0.511,0.49,0.559,0.551,0.164,0.386,0.388,0.789,0.023,0.168,0.103,0.428,0.261,0.557,0.543,0.711,0.758,0.039,0.356,0.787,0.672,0.747,0.688,0.72,0.545,0.798,0.045,0.59,0.98,0.328,0.486,0.498,0.727,0.433,0.324,0.782,0.431,0.576,0.222,0.707,0.591,0.564,0.504,0.623,0.441,0.269,0.572,0.269,0.905,0.989,0.729,0.952,0.992,0.31,0.396,0.224,0.582,0.605,0.804,0.013,0.459,0.422,0.511,0.523,0.46,0.089,0.8,0.198,0.426,0.509,0.062,0.349,0.915,0.335,0.541,0.177,0.923,0.049,0.249,0.042,0.272,0.024,0.401,0.691,0.253,0.725,0.856,0.734,0.046,0.32,0.122,0.139,0.903,0.932,0.875,0.232,0.503,0.606,0.423,0.067,0.621,0.12,0.897,0.971,0.487,0.449,0.483,0.707,0.511,0.842,0.253,0.042,0.982,0.778,0.271,0.947,0.788,0.924,0.903,0.23,0.935,0.031,0.806,0.741,0.058,0.305,0.464,0.033,0.593,0.867,0.88,0.075,0.982,0.124,0.701,0.828,0.696,0.948,0.74,0.98,0.257,0.414,0.514,0.765,0.394,0.213,0.885,0.306,0.024,0.929,0.726,0.274,0.992,0.256,0.552,0.395,0.786,0.642,0.812,0.03,0.071,0.268,0.514,0.91,0.423,0.521,0.668,0.983,0.998,0.235,0.249,0.153,0.076,0.683,0.565,0.455,1,0.916,0.027,0.345,0.985,0.281,0.285,0.044,0.443,0.215,0.489,0.04,0.946,0.282,0.1,0.905,0.016,0.607,0.884,0.561,0.728,0.673,0.299,0.908,0.92,0.585,0.122,0.947,0.319,0.642,0.124,0.267,0.551,0.909,0.955,0.97,0.358,0.876,0.167,0.871,0.345,0.02,0.667,0.451,0.614,0.202,0.917,0.46,0.831,0.198,0.678,0.029,0.994,0.083,0.779,0.772,0.861,0.812,0.197,0.203,0.109,0.751,0.758,0.018,0.984,0.279,0.997,0.112,0.54,0.892,0.248,0.291,0.84,0.642,0.82,0.392,0.163,0.9,0.391,0.386,0.5,0.311,0.343,0.743,0.588,0.932,0.13,0.722,0.162,0.118,0.781,0.947,0.853,0.786,0.341,0.086,0.219,0.716,0.183,0.522,0.077,0.543,0.61,0.023,0.374,0.87,0.715,0.795,0.351,0.774,0.86,0.906,0.584,0.632,0.592,0.983,0.372,0.224,0.144,0.154,0.261,0.406,0.509,0.056,0.599,0.243,0.51,0.467,0.965,0.586,0.809,0.426,0.108,0.145,0.838,0.562,0.312,0.781,0.813,0.853,0.534,0.641,0.272,0.005,0.535,0.235,0.467,0.902,0.237,0.115,0.551,0.805,0.638,0.956,0.349,0.519,0.535,0.428,0.537,0.686,0.499,0.29,0.989,0.347,0.608,0.446,0.958,0.208,0.304,0.621,0.114,0.691,0.742,0.913,0.259,0.073,0.91,0.409,0.647,0.793,0.118,0.143,0.158,0.993,0.363,0.354,0.909,0.471,0.467,0.803,0.382,0.003,0.56,0.551,0.441,0.727,0.322,0.593,0.494,0.433,0.582,0.888,0.484,0.149,0.429,0.82,0.356,0.357,0.495,0.563,0.045,0.202,0.168,0.637,0.461,0.13,0.71,0.964,0.499,0.994,0.043,0.934,0.563,0.643,0.961,0.018,0.799,0.371,0.442,0.516,0.763,0.344,0.256,0.181,0.923,0.225,0.83,0.949,0.034,0.906,0.256,0.537,0.545,0.122,0.866,0.18,0.414,0.767,0.402,0.544,0.292,0.838,0.643,0.078,0.022,0.596,0.129,0.778,0.601,0.121,0.656,0.593,0.42,0.231,0.477,0.784,0.173,0.079,0.175,0.736,0.399,0.217,0.89,0.121,0.341,0.178,0.066,0.505,0.027,0.699,0.693,0.347,0.736,0.478,0.752,0.986,0.374,0.155,0.943,0.969,0.879,0.617,0.427,0.699,0.893,0.797,0.562,0.662,0.563,0.469,0.437,0.596,0.151,0.769,0.356,0.78,0.888,0.416,0.152,0.834,0.872,0.443,0.106,0.687,0.844,0.437,0.237,0.435,0.984,0.084,0.657,0.788
0.063,0.595,0.033,0.685,0.758,0.704,0.046,0.854,0.738,0.379,0.637,0.372,0.548,0.815,0.288,0.744,0.748,0.622,0.091,0.866,0.561,0.5,0.559,0.061,0.221,0.344,0.105,0.041,0.168,0.589,0.925,0.442,0.916,0.95,0.515,0.094,0.984,0.303,0.004,0.111,0.289,0.999,0.978,0.559,0.565,0.583,0.698,0.704,0.413,0.249,0.708,0.019,0.437,0.682,0.347,0.267,0.886,0.618,0.227,0.086,0.765,0.815,0.714,0.717,0.831,0.461,0.89,0.94,0.013,0.622,0.802,0.408,0.792,0.454,0.434,0.103,0.376,0.155,0.754,0.859,0.776,0.104,0.741,0.246,0.371,0.365,0.066,0.573,0.159,0.755,0.802,0.641,0.863,0.659,0.127,0.074,0.696,0.688,0.159,0.038,0.509,0.726,0.156,0.64,0.137,0.53,0.99,0.493,0.379,0.199,0.559,0.358,0.794,0.584,0.584,0.468,0.59,0.474,0.089,0.54,0.614,0.408,0.66,0.33,0.95,0.655,0.622,0.922,0.613,0.813,0.151,0.511,0.336,0.559,0.551,0.164,0.386,0.388,0.789,0.237,0.168,0.103,0.428,0.261,0.557,0.543,0.931,0.758,0.039,0.356,0.787,0.672,0.747,0.802,0.72,0.545,0.798,0.045,0.59,0.98,0.663,0.486,0.498,0.727,0.433,0.324,0.782,0.461,0.576,0.222,0.707,0.591,0.564,0.504,0.498,0.441,0.269,0.572,0.269,0.905,0.989,0.76,0.952,0.992,0.31,0.396,0.224,0.582,0.198,0.804,0.013,0.459,0.422,0.511,0.523,0.865,0.089,0.8,0.198,0.426,0.509,0.062,0.936,0.915,0.335,0.541,0.177,0.923,0.049,0.382,0.042,0.272,0.024,0.401,0.691,0.253,0.022,0.856,0.734,0.046,0.32,0.122,0.139,0.125,0.932,0.875,0.232,0.503,0.606,0.423,0.571,0.621,0.12,0.897,0.971,0.487,0.449,0.826,0.707,0.511,0.842,0.253,0.042,0.982,0.163,0.271,0.947,0.788,0.924,0.903,0.23,0.183,0.031,0.806,0.741,0.058,0.305,0.464,0.375,0.593,0.867,0.88,0.075,0.982,0.124,0.774,0.828,0.696,0.948,0.74,0.98,0.257,0.472,0.514,0.765,0.394,0.213,0.885,0.306,0.364,0.929,0.726,0.274,0.992,0.256,0.552,0.026,0.786,0.642,0.812,0.03,0.071,0.268,0.923,0.91,0.423,0.521,0.668,0.983,0.998,0.963,0.249,0.153,0.076,0.683,0.565,0.455,0.257,0.916,0.027,0.345,0.985,0.281,0.285,0.745,0.443,0.215,0.489,0.04,0.946,0.282,0.78,0.905,0.016,0.607,0.884,0.561,0.728,0.224,0.299,0.908,0.92,0.585,0.122,0.947,0.564,0.642,0.124,0.267,0.551,0.909,0.955,0.694,0.358,0.876,0.167,0.871,0.345,0.02,0.22,0.451,0.614,0.202,0.917,0.46,0.831,0.898,0.678,0.029,0.994,0.083,0.779,0.772,0.178,0.812,0.197,0.203,0.109,0.751,0.758,0.24,0.984,0.279,0.997,0.112,0.54,0.892,0.739,0.291,0.84,0.642,0.82,0.392,0.163,0.253,0.391,0.386,0.5,0.311,0.343,0.743,0.079,0.932,0.13,0.722,0.162,0.118,0.781,0.038,0.853,0.786,0.341,0.086,0.219,0.716,0.436,0.522,0.077,0.543,0.61,0.023,0.374,0.045,0.715,0.795,0.351,0.774,0.86,0.906,0.687,0.632,0.592,0.983,0.372,0.224,0.144,0.081,0.261,0.406,0.509,0.056,0.599,0.243,0.633,0.467,0.965,0.586,0.809,0.426,0.108,0.902,0.838,0.562,0.312,0.781,0.813,0.853,0.328,0.641,0.272,0.005,0.535,0.235,0.467,0.627,0.237,0.115,0.551,0.805,0.638,0.956,0.642,0.519,0.535,0.428,0.537,0.686,0.499,0.911,0.989,0.347,0.608,0.446,0.958,0.208,0.484,0.621,0.114,0.691,0.742,0.913,0.259,0.758,0.91,0.409,0.647,0.793,0.118,0.143,0.328,0.993,0.363,0.354,0.909,0.471,0.467,0.664,0.382,0.003,0.56,0.551,0.441,0.727,0.922,0.593,0.494,0.433,0.582,0.888,0.484,0.691,0.429,0.82,0.356,0.357,0.495,0.563,0.272,0.202,0.168,0.637,0.461,0.13,0.71,0.985,0.499,0.994,0.043,0.934,0.563,0.643,0.699,0.018,0.799,0.371,0.442,0.516,0.763,0.634,0.256,0.181,0.923,0.225,0.83,0.949,0.735,0.906,0.256,0.537,0.545,0.122,0.866,0.665,0.414,0.767,0.402,0.544,0.292,0.838,0.126,0.078,0.022,0.596,0.129,0.778,0.601,0.635,0.656,0.593,0.42,0.231,0.477,0.784,0.336,0.079,0.175,0.736,0.399,0.217,0.89,0.494,0.341,0.178,0.066,0.505,0.027,0.699,0.831,0.347,0.736,0.478,0.752,0.986,0.374,0.738,0.943,0.969,0.879,0.617,0.427,0.699,0.162,0.797,0.562,0.662,0.563,0.469,0.437,0.807,0.151,0.769,0.356,0.78,0.888,0.416,0.643,0.834,0.872,0.443,0.106,0.687,0.844,0.252,0.237,0.435,0.984,0.084,0.657,0.788,0.723
0.595,0.033,0.685,0.758,0.704,0.046,0.75,0.738,0.379,0.637,0.372,0.548,0.815,0.376,0.744,0.748,0.622,0.091,0.866,0.561,0.747,0.559,0.061,0.221,0.344,0.105,0.041,0.511,0.589,0.925,0.442,0.916,0.95,0.515,0.988,0.984,0.303,0.004,0.111,0.289,0.999,0.448,0.559,0.565,0.583,0.698,0.704,0.413,0.857,0.708,0.019,0.437,0.682,0.347,0.267,0.699,0.618,0.227,0.086,0.765,0.815,0.714,0.859,0.831,0.461,0.89,0.94,0.013,0.622,0.492,0.408,0.792,0.454,0.434,0.103,0.376,0.798,0.754,0.859,0.776,0.104,0.741,0.246,0.808,0.365,0.066,0.573,0.159,0.755,0.802,0.922,0.863,0.659,0.127,0.074,0.696,0.688,0.113,0.038,0.509,0.726,0.156,0.64,0.137,0.035,0.99,0.493,0.379,0.199,0.559,0.358,0.703,0.584,0.584,0.468,0.59,0.474,0.089,0.937,0.614,0.408,0.66,0.33,0.95,0.655,0.39,0.922,0.613,0.813,0.151,0.511,0.336,0.972,0.551,0.164,0.386,0.388,0.789,0.237,0.055,0.103,0.428,0.261,0.557,0.543,0.931,0.601,0.039,0.356,0.787,0.672,0.747,0.802,0.484,0.545,0.798,0.045,0.59,0.98,0.663,0.879,0.498,0.727,0.433,0.324,0.782,0.461,0.585,0.222,0.707,0.591,0.564,0.504,0.498,0.269,0.269,0.572,0.269,0.905,0.989,0.76,0.881,0.992,0.31,0.396,0.224,0.582,0.198,0.692,0.013,0.459,0.422,0.511,0.523,0.865,0.451,0.8,0.198,0.426,0.509,0.062,0.936,0.901,0.335,0.541,0.177,0.923,0.049,0.382,0.244,0.272,0.024,0.401,0.691,0.253,0.022,0.348,0.734,0.046,0.32,0.122,0.139,0.125,0.612,0.875,0.232,0.503,0.606,0.423,0.571,0.899,0.12,0.897,0.971,0.487,0.449,0.826,0.515,0.511,0.842,0.253,0.042,0.982,0.163,0.569,0.947,0.788,0.924,0.903,0.23,0.183,0.181,0.806,0.741,0.058,0.305,0.464,0.375,0.821,0.867,0.88,0.075,0.982,0.124,0.774,0.864,0.696,0.948,0.74,0.98,0.257,0.472,0.601,0.765,0.394,0.213,0.885,0.306,0.364,0.949,0.726,0.274,0.992,0.256,0.552,0.026,0.043,0.642,0.812,0.03,0.071,0.268,0.923,0.256,0.423,0.521,0.668,0.983,0.998,0.963,0.843,0.153,0.076,0.683,0.565,0.455,0.257,0.207,0.027,0.345,0.985,0.281,0.285,0.745,0.46,0.215,0.489,0.04,0.946,0.282,0.78,0.019,0.016,0.607,0.884,0.561,0.728,0.224,0.488,0.908,0.92,0.585,0.122,0.947,0.564,0.697,0.124,0.267,0.551,0.909,0.955,0.694,0.295,0.876,0.167,0.871,0.345,0.02,0.22,0.269,0.614,0.202,0.917,0.46,0.831,0.898,0.658,0.029,0.994,0.083,0.779,0.772,0.178,0.517,0.197,0.203,0.109,0.751,0.758,0.24,0.666,0.279,0.997,0.112,0.54,0.892,0.739,0.659,0.84,0.642,0.82,0.392,0.163,0.253,0.333,0.386,0.5,0.311,0.343,0.743,0.079,0.198,0.13,0.722,0.162,0.118,0.781,0.038,0.473,0.786,0.341,0.086,0.219,0.716,0.436,0.646,0.077,0.543,0.61,0.023,0.374,0.045,0.155,0.795,0.351,0.774,0.86,0.906,0.687,0.275,0.592,0.983,0.372,0.224,0.144,0.081,0.783,0.406,0.509,0.056,0.599,0.243,0.633,0.315,0.965,0.586,0.809,0.426,0.108,0.902,0.587,0.562,0.312,0.781,0.813,0.853,0.328,0.66,0.272,0.005,0.535,0.235,0.467,0.627,0.295,0.115,0.551,0.805,0.638,0.956,0.642,0.458,0.535,0.428,0.537,0.686,0.499,0.911,0.771,0.347,0.608,0.446,0.958,0.208,0.484,0.187,0.114,0.691,0.742,0.913,0.259,0.758,0.621,0.409,0.647,0.793,0.118,0.143,0.328,0.443,0.363,0.354,0.909,0.471,0.467,0.664,0.98,0.003,0.56,0.551,0.441,0.727,0.922,0.865,0.494,0.433,0.582,0.888,0.484,0.691,0.368,0.82,0.356,0.357,0.495,0.563,0.272,0.075,0.168,0.637,0.461,0.13,0.71,0.985,0.08,0.994,0.043,0.934,0.563,0.643,0.699,0.96,0.799,0.371,0.442,0.516,0.763,0.634,0.847,0.181,0.923,0.225,0.83,0.949,0.735,0.255,0.256,0.537,0.545,0.122,0.866,0.665,0.753,0.767,0.402,0.544,0.292,0.838,0.126,0.225,0.022,0.596,0.129,0.778,0.601,0.635,0.578,0.593,0.42,0.231,0.477,0.784,0.336,0.708,0.175,0.736,0.399,0.217,0.89,0.494,0.355,0.178,0.066,0.505,0.027,0.699,0.831,0.393,0.736,0.478,0.752,0.986,0.374,0.738,0.845,0.969,0.879,0.617,0.427,0.699,0.162,0.152,0.562,0.662,0.563,0.469,0.437,0.807,0.237,0.769,0.356,0.78,0.888,0.416,0.643,0.892,0.872,0.443,0.106,0.687,0.844,0.252,0.779,0.435,0.984,0.084,0.657,0.788,0.723,0.597
0.715,0.156,0.43,0.111,0.698,0.046,0.239,0.843,0.217,0.91,0.285,0.547,0.636,0.382,0.174,0.068,0.247,0.976,0.234,0.689,0.286,0.966,0.001,0.179,0.425,0.643,0.501,0.377,0.381,0.189,0.286,0.931,0.235,0.367,0.874,0.223,0.037,0.952,0.833,0.253,0.251,0.069,0.156,0.881,0.64,0.088,0.116,0.694,0.048,0.984,0.91,0.883,0.439,0.759,0.645,0.822,0.474,0.532,0.026,0.46,0.111,0.097,0.869,0.897,0.698,0.355,0.467,0.49,0.404,0.902,0.282,0.178,0.563,0.837,0.112,0.466,0.312,0.436,0.571,0.021,0.277,0.705,0.881,0.422,0.073,0.551,0.678,0.478,0.561,0.852,0.145,0.258,0.969,0.536,0.742,0.511,0.686,0.348,0.518,0.17,0.969,0.693,0.991,0.139,0.254,0.152,0.081,0.985,0.057,0.501,0.248,0.341,0.305,0.074,0.151,0.801,0.034,0.387,0.151,0.122,0.563,0.067,0.758,0.923,0.551,0.579,0.38,0.311,0.801,0.355,0.132,0.937,0.174,0.733,0.288,0.104,0.439,0.531,0.034,0.776,0.714,0.115,0.977,0.808,0.25,0.529,0.401,0.268,0.201,0.859,0.575,0.981,0.78,0.237,0.77,0.334,0.154,0.777,0.911,0.857,0.94,0.02,0.32,0.645,0.402,0.812,0.2,0.834,0.63,0.609,0.883,0.568,0.334,0.871,0.517,0.27,0.124,0.378,0.066,0.166,0.632,0.626,0.635,0.111,0.148,0.508,0.705,0.63,0.938,0.724,0.844,0.524,0.408,0.619,0.082,0.769,0.922,0.993,0.668,0.137,0.256,0.973,0.654,0.752,0.579,0.291,0.83,0.829,0.96,0.6,0.362,0.718,0.647,0.555,0.049,0.818,0.542,0.28,0.123,0.372,0.365,0.486,0.715,0.568,0.428,0.202,0.63,0.66,0.973,0.137,0.135,0.559,0.905,0.416,0.335,0.845,0.688,0.67,0.488,0.395,0.233,0.668,0.53,0.528,0.657,0.897,0.691,0.599,0.559,0.636,0.711,0.022,0.407,0.698,0.721,0.834,0.559,0.437,0.23,0.822,0.66,0.761,0.843,0.385,0.888,0.198,0.082,0.246,0.909,0.471,0.593,0.516,0.918,0.912,0.179,0.596,0.318,0.479,0.899,0.995,0.38,0.234,0.301,0.971,0.208,0.253,0.421,0.424,0.301,0.931,0.861,0.34,0.511,0.795,0.618,0.271,0.305,0.779,0.724,0.168,0.805,0.71,0.034,0.399,0.663,0.512,0.752,0.044,0.105,0.275,0.47,0.319,0.958,0.317,0.128,0.247,0.242,0.328,0.807,0.231,0.22,0.153,0.715,0.627,0.095,0.62,0.818,0.54,0.857,0.117,0.634,0.941,0.655,0.652,0.137,0.586,0.024,0.771,0.039,0.883,0.387,0.99,0.511,0.406,0.919,0.536,0.826,0.343,0.28,0.907,0.105,0.628,0.313,0.207,0.538,0.131,0.755,0.483,0.66,0.578,0.713,0.784,0.896,0.858,0.512,0.534,0.927,0.222,0.554,0.381,0.663,0.803,0.143,0.892,0.939,0.16,0.638,0.841,0.595,0.302,0.991,0.876,0.446,0.648,0.137,0.293,0.839,0.511,0.172,0.535,0.924,0.672,0.746,0.439,0.95,0.53,0.905,0.922,0.003,0.928,0.788,0.074,0.048,0.589,0.472,0.858,0.434,0.361,0.642,0.409,0.231,0.156,0.769,0.649,0.088,0.566,0.09,0.057,0.231,0.936,0.498,0.625,0.027,0.437,0.006,0.957,0.472,0.529,0.629,0.033,0.122,0.365,0.822,0.118,0.706,0.589,0.216,0.853,0.173,0.902,0.728,0.745,0.786,0.508,0.789,0.619,0.55,0.235,0.897,0.938,0.381,0.589,0.985,0.339,0.891,0.329,0.313,0.874,0.594,0.36,0.556,0.736,0.287,0.151,0.6,0.985,0.651,0.9,0.837,0.871,0.515,0.052,0.372,0.308,0.854,0.974,0.881,0.983,0.682,0.114,0.415,0.886,0.45,0.142,0.915,0.87,0.854,0.814,0.587,0.95,0.047,0.224,0.464,0.615,0.006,0.712,0.835,0.707,0.715,0.019,0.142,0.853,0.769,0.207,0.497,0.153,0.355,0.944,0.156,0.16,0.964,0.606,0.246,0.978,0.256,0.33,0.254,0.147,0.102,0.811,0.089,0.825,0.454,0.553,0.85,0.482,0.418,0.824,0.668,0.478,0.349,0.796,0.714,0.87,0.442,0.85,0.34,0.024,0.065,0.839,0.701,0.354,0.813,0.59,0.233,0.801,0.449,0.685,0.858,0.787,0.701,0.569,0.876,0.552,0.673,0.576,0.516,0.086,0.419,0.268,0.379,0.177,0.898,0.496,0.141,0.479,0.755,0.885,0.464,0.035,0.763,0.804,0.324,0.624,0.598,0.655,0.562,0.49,0.039,0.405,0.977,0.752,0.086,0.792,0.151,0.27,0.649,0.517,0.448,0.901,0.647,0.899,0.828,0.188,0.294,0.966,0.617,0.626,0.88,0.225,0.895,0.037,0.924,0.727,0.623,0.469,0.412,0.762,0.315,0.185,0.782,0.941,0.899,0.426,0.624,0.078,0.235,0.718,0.352,0.494,0.851,0.22,0.775,0.071,0.115,0.369,0.548,0.257,0.27,0.952
0.156,0.43,0.111,0.698,0.046,0.239,0.646,0.217,0.91,0.285,0.547,0.636,0.382,0.321,0.068,0.247,0.976,0.234,0.689,0.286,0.302,0.001,0.179,0.425,0.643,0.501,0.377,0.565,0.189,0.286,0.931,0.235,0.367,0.874,0.636,0.037,0.952,0.833,0.253,0.251,0.069,0.595,0.881,0.64,0.088,0.116,0.694,0.048,0.518,0.91,0.883,0.439,0.759,0.645,0.822,0.506,0.532,0.026,0.46,0.111,0.097,0.869,0.378,0.698,0.355,0.467,0.49,0.404,0.902,0.208,0.178,0.563,0.837,0.112,0.466,0.312,0.101,0.571,0.021,0.277,0.705,0.881,0.422,0.76,0.551,0.678,0.478,0.561,0.852,0.145,0.311,0.969,0.536,0.742,0.511,0.686,0.348,0.46,0.17,0.969,0.693,0.991,0.139,0.254,0.22,0.081,0.985,0.057,0.501,0.248,0.341,0.336,0.074,0.151,0.801,0.034,0.387,0.151,0.784,0.563,0.067,0.758,0.923,0.551,0.579,0.744,0.311,0.801,0.355,0.132,0.937,0.174,0.682,0.288,0.104,0.439,0.531,0.034,0.776,0.307,0.115,0.977,0.808,0.25,0.529,0.401,0.004,0.201,0.859,0.575,0.981,0.78,0.237,0.088,0.334,0.154,0.777,0.911,0.857,0.94,0.202,0.32,0.645,0.402,0.812,0.2,0.834,0.921,0.609,0.883,0.568,0.334,0.871,0.517,0.832,0.124,0.378,0.066,0.166,0.632,0.626,0.912,0.111,0.148,0.508,0.705,0.63,0.938,0.71,0.844,0.524,0.408,0.619,0.082,0.769,0.684,0.993,0.668,0.137,0.256,0.973,0.654,0.395,0.579,0.291,0.83,0.829,0.96,0.6,0.74,0.718,0.647,0.555,0.049,0.818,0.542,0.108,0.123,0.372,0.365,0.486,0.715,0.568,0.944,0.202,0.63,0.66,0.973,0.137,0.135,0.617,0.905,0.416,0.335,0.845,0.688,0.67,0.94,0.395,0.233,0.668,0.53,0.528,0.657,0.966,0.691,0.599,0.559,0.636,0.711,0.022,0.108,0.698,0.721,0.834,0.559,0.437,0.23,0.277,0.66,0.761,0.843,0.385,0.888,0.198,0.436,0.246,0.909,0.471,0.593,0.516,0.918,0.594,0.179,0.596,0.318,0.479,0.899,0.995,0.513,0.234,0.301,0.971,0.208,0.253,0.421,0.97,0.301,0.931,0.861,0.34,0.511,0.795,0.232,0.271,0.305,0.779,0.724,0.168,0.805,0.576,0.034,0.399,0.663,0.512,0.752,0.044,0.108,0.275,0.47,0.319,0.958,0.317,0.128,0.342,0.242,0.328,0.807,0.231,0.22,0.153,0.962,0.627,0.095,0.62,0.818,0.54,0.857,0.529,0.634,0.941,0.655,0.652,0.137,0.586,0.841,0.771,0.039,0.883,0.387,0.99,0.511,0.891,0.919,0.536,0.826,0.343,0.28,0.907,0.339,0.628,0.313,0.207,0.538,0.131,0.755,0.752,0.66,0.578,0.713,0.784,0.896,0.858,0.299,0.534,0.927,0.222,0.554,0.381,0.663,0.891,0.143,0.892,0.939,0.16,0.638,0.841,0.236,0.302,0.991,0.876,0.446,0.648,0.137,0.493,0.839,0.511,0.172,0.535,0.924,0.672,0.604,0.439,0.95,0.53,0.905,0.922,0.003,0.585,0.788,0.074,0.048,0.589,0.472,0.858,0.231,0.361,0.642,0.409,0.231,0.156,0.769,0.399,0.088,0.566,0.09,0.057,0.231,0.936,0.505,0.625,0.027,0.437,0.006,0.957,0.472,0.011,0.629,0.033,0.122,0.365,0.822,0.118,0.927,0.589,0.216,0.853,0.173,0.902,0.728,0.955,0.786,0.508,0.789,0.619,0.55,0.235,0.508,0.938,0.381,0.589,0.985,0.339,0.891,0.42,0.313,0.874,0.594,0.36,0.556,0.736,0.243,0.151,0.6,0.985,0.651,0.9,0.837,0.469,0.515,0.052,0.372,0.308,0.854,0.974,0.539,0.983,0.682,0.114,0.415,0.886,0.45,0.76,0.915,0.87,0.854,0.814,0.587,0.95,0.345,0.224,0.464,0.615,0.006,0.712,0.835,0.326,0.715,0.019,0.142,0.853,0.769,0.207,0.211,0.153,0.355,0.944,0.156,0.16,0.964,0.809,0.246,0.978,0.256,0.33,0.254,0.147,0.168,0.811,0.089,0.825,0.454,0.553,0.85,0.876,0.418,0.824,0.668,0.478,0.349,0.796,0.474,0.87,0.442,0.85,0.34,0.024,0.065,0.674,0.701,0.354,0.813,0.59,0.233,0.801,0.939,0.685,0.858,0.787,0.701,0.569,0.876,0.881,0.673,0.576,0.516,0.086,0.419,0.268,0.34,0.177,0.898,0.496,0.141,0.479,0.755,0.883,0.464,0.035,0.763,0.804,0.324,0.624,0.185,0.655,0.562,0.49,0.039,0.405,0.977,0.255,0.086,0.792,0.151,0.27,0.649,0.517,0.51,0.901,0.647,0.899,0.828,0.188,0.294,0.414,0.617,0.626,0.88,0.225,0.895,0.037,0.558,0.727,0.623,0.469,0.412,0.762,0.315,0.918,0.782,0.941,0.899,0.426,0.624,0.078,0.587,0.718,0.352,0.494,0.851,0.22,0.775,0.419,0.115,0.369,0.548,0.257,0.27,0.952,0.722
0.43,0.111,0.698,0.046,0.239,0.646,0.557,0.91,0.285,0.547,0.636,0.382,0.321,0.493,0.247,0.976,0.234,0.689,0.286,0.302,0.827,0.179,0.425,0.643,0.501,0.377,0.565,0.314,0.286,0.931,0.235,0.367,0.874,0.636,0.419,0.952,0.833,0.253,0.251,0.069,0.595,0.088,0.64,0.088,0.116,0.694,0.048,0.518,0.451,0.883,0.439,0.759,0.645,0.822,0.506,0.07,0.026,0.46,0.111,0.097,0.869,0.378,0.056,0.355,0.467,0.49,0.404,0.902,0.208,0.928,0.563,0.837,0.112,0.466,0.312,0.101,0.132,0.021,0.277,0.705,0.881,0.422,0.76,0.954,0.678,0.478,0.561,0.852,0.145,0.311,0.686,0.536,0.742,0.511,0.686,0.348,0.46,0.063,0.969,0.693,0.991,0.139,0.254,0.22,0.059,0.985,0.057,0.501,0.248,0.341,0.336,0.779,0.151,0.801,0.034,0.387,0.151,0.784,0.584,0.067,0.758,0.923,0.551,0.579,0.744,0.124,0.801,0.355,0.132,0.937,0.174,0.682,0.325,0.104,0.439,0.531,0.034,0.776,0.307,0.327,0.977,0.808,0.25,0.529,0.401,0.004,0.244,0.859,0.575,0.981,0.78,0.237,0.088,0.123,0.154,0.777,0.911,0.857,0.94,0.202,0,0.645,0.402,0.812,0.2,0.834,0.921,0.5,0.883,0.568,0.334,0.871,0.517,0.832,0.482,0.378,0.066,0.166,0.632,0.626,0.912,0.252,0.148,0.508,0.705,0.63,0.938,0.71,0.061,0.524,0.408,0.619,0.082,0.769,0.684,0.558,0.668,0.137,0.256,0.973,0.654,0.395,0.007,0.291,0.83,0.829,0.96,0.6,0.74,0.055,0.647,0.555,0.049,0.818,0.542,0.108,0.781,0.372,0.365,0.486,0.715,0.568,0.944,0.269,0.63,0.66,0.973,0.137,0.135,0.617,0.17,0.416,0.335,0.845,0.688,0.67,0.94,0.186,0.233,0.668,0.53,0.528,0.657,0.966,0.975,0.599,0.559,0.636,0.711,0.022,0.108,0.636,0.721,0.834,0.559,0.437,0.23,0.277,0.759,0.761,0.843,0.385,0.888,0.198,0.436,0.276,0.909,0.471,0.593,0.516,0.918,0.594,0.25,0.596,0.318,0.479,0.899,0.995,0.513,0.198,0.301,0.971,0.208,0.253,0.421,0.97,0.15,0.931,0.861,0.34,0.511,0.795,0.232,0.511,0.305,0.779,0.724,0.168,0.805,0.576,0.279,0.399,0.663,0.512,0.752,0.044,0.108,0.929,0.47,0.319,0.958,0.317,0.128,0.342,0.118,0.328,0.807,0.231,0.22,0.153,0.962,0.151,0.095,0.62,0.818,0.54,0.857,0.529,0.745,0.941,0.655,0.652,0.137,0.586,0.841,0.748,0.039,0.883,0.387,0.99,0.511,0.891,0.971,0.536,0.826,0.343,0.28,0.907,0.339,0.886,0.313,0.207,0.538,0.131,0.755,0.752,0.659,0.578,0.713,0.784,0.896,0.858,0.299,0.604,0.927,0.222,0.554,0.381,0.663,0.891,0.862,0.892,0.939,0.16,0.638,0.841,0.236,0.706,0.991,0.876,0.446,0.648,0.137,0.493,0.433,0.511,0.172,0.535,0.924,0.672,0.604,0.304,0.95,0.53,0.905,0.922,0.003,0.585,0.638,0.074,0.048,0.589,0.472,0.858,0.231,0.976,0.642,0.409,0.231,0.156,0.769,0.399,0.088,0.566,0.09,0.057,0.231,0.936,0.505,0.395,0.027,0.437,0.006,0.957,0.472,0.011,0.928,0.033,0.122,0.365,0.822,0.118,0.927,0.341,0.216,0.853,0.173,0.902,0.728,0.955,0.645,0.508,0.789,0.619,0.55,0.235,0.508,0.46,0.381,0.589,0.985,0.339,0.891,0.42,0.263,0.874,0.594,0.36,0.556,0.736,0.243,0.965,0.6,0.985,0.651,0.9,0.837,0.469,0.304,0.052,0.372,0.308,0.854,0.974,0.539,0.504,0.682,0.114,0.415,0.886,0.45,0.76,0.231,0.87,0.854,0.814,0.587,0.95,0.345,0.095,0.464,0.615,0.006,0.712,0.835,0.326,0.917,0.019,0.142,0.853,0.769,0.207,0.211,0.98,0.355,0.944,0.156,0.16,0.964,0.809,0.472,0.978,0.256,0.33,0.254,0.147,0.168,0.487,0.089,0.825,0.454,0.553,0.85,0.876,0.132,0.824,0.668,0.478,0.349,0.796,0.474,0.8,0.442,0.85,0.34,0.024,0.065,0.674,0.661,0.354,0.813,0.59,0.233,0.801,0.939,0.68,0.858,0.787,0.701,0.569,0.876,0.881,0.884,0.576,0.516,0.086,0.419,0.268,0.34,0.487,0.898,0.496,0.141,0.479,0.755,0.883,0.96,0.035,0.763,0.804,0.324,0.624,0.185,0.498,0.562,0.49,0.039,0.405,0.977,0.255,0.083,0.792,0.151,0.27,0.649,0.517,0.51,0.347,0.647,0.899,0.828,0.188,0.294,0.414,0.296,0.626,0.88,0.225,0.895,0.037,0.558,0.467,0.623,0.469,0.412,0.762,0.315,0.918,0.805,0.941,0.899,0.426,0.624,0.078,0.587,0.257,0.352,0.494,0.851,0.22,0.775,0.419,0.303,0.369,0.548,0.257,0.27,0.952,0.722,0.692
0.111,0.698,0.046,0.239,0.646,0.557,0.167,0.285,0.547,0.636,0.382,0.321,0.493,0.721,0.976,0.234,0.689,0.286,0.302,0.827,0.121,0.425,0.643,0.501,0.377,0.565,0.314,0.155,0.931,0.235,0.367,0.874,0.636,0.419,0.372,0.833,0.253,0.251,0.069,0.595,0.088,0.586,0.088,0.116,0.694,0.048,0.518,0.451,0.293,0.439,0.759,0.645,0.822,0.506,0.07,0.69,0.46,0.111,0.097,0.869,0.378,0.056,0.271,0.467,0.49,0.404,0.902,0.208,0.928,0.537,0.837,0.112,0.466,0.312,0.101,0.132,0.334,0.277,0.705,0.881,0.422,0.76,0.954,0.983,0.478,0.561,0.852,0.145,0.311,0.686,0.132,0.742,0.511,0.686,0.348,0.46,0.063,0.511,0.693,0.991,0.139,0.254,0.22,0.059,0.167,0.057,0.501,0.248,0.341,0.336,0.779,0.522,0.801,0.034,0.387,0.151,0.784,0.584,0.073,0.758,0.923,0.551,0.579,0.744,0.124,0.197,0.355,0.132,0.937,0.174,0.682,0.325,0.923,0.439,0.531,0.034,0.776,0.307,0.327,0.593,0.808,0.25,0.529,0.401,0.004,0.244,0.16,0.575,0.981,0.78,0.237,0.088,0.123,0.545,0.777,0.911,0.857,0.94,0.202,0,0.31,0.402,0.812,0.2,0.834,0.921,0.5,0.134,0.568,0.334,0.871,0.517,0.832,0.482,0.306,0.066,0.166,0.632,0.626,0.912,0.252,0.895,0.508,0.705,0.63,0.938,0.71,0.061,0.295,0.408,0.619,0.082,0.769,0.684,0.558,0.169,0.137,0.256,0.973,0.654,0.395,0.007,0.552,0.83,0.829,0.96,0.6,0.74,0.055,0.53,0.555,0.049,0.818,0.542,0.108,0.781,0.916,0.365,0.486,0.715,0.568,0.944,0.269,0.388,0.66,0.973,0.137,0.135,0.617,0.17,0.423,0.335,0.845,0.688,0.67,0.94,0.186,0.708,0.668,0.53,0.528,0.657,0.966,0.975,0.6,0.559,0.636,0.711,0.022,0.108,0.636,0.365,0.834,0.559,0.437,0.23,0.277,0.759,0.831,0.843,0.385,0.888,0.198,0.436,0.276,0.454,0.471,0.593,0.516,0.918,0.594,0.25,0.96,0.318,0.479,0.899,0.995,0.513,0.198,0.831,0.971,0.208,0.253,0.421,0.97,0.15,0.642,0.861,0.34,0.511,0.795,0.232,0.511,0.98,0.779,0.724,0.168,0.805,0.576,0.279,0.628,0.663,0.512,0.752,0.044,0.108,0.929,0.516,0.319,0.958,0.317,0.128,0.342,0.118,0.832,0.807,0.231,0.22,0.153,0.962,0.151,0.164,0.62,0.818,0.54,0.857,0.529,0.745,0.056,0.655,0.652,0.137,0.586,0.841,0.748,0.301,0.883,0.387,0.99,0.511,0.891,0.971,0.655,0.826,0.343,0.28,0.907,0.339,0.886,0.343,0.207,0.538,0.131,0.755,0.752,0.659,0.826,0.713,0.784,0.896,0.858,0.299,0.604,0.121,0.222,0.554,0.381,0.663,0.891,0.862,0.624,0.939,0.16,0.638,0.841,0.236,0.706,0.523,0.876,0.446,0.648,0.137,0.493,0.433,0.9,0.172,0.535,0.924,0.672,0.604,0.304,0.641,0.53,0.905,0.922,0.003,0.585,0.638,0.22,0.048,0.589,0.472,0.858,0.231,0.976,0.472,0.409,0.231,0.156,0.769,0.399,0.088,0.07,0.09,0.057,0.231,0.936,0.505,0.395,0.352,0.437,0.006,0.957,0.472,0.011,0.928,0.064,0.122,0.365,0.822,0.118,0.927,0.341,0.915,0.853,0.173,0.902,0.728,0.955,0.645,0.946,0.789,0.619,0.55,0.235,0.508,0.46,0.33,0.589,0.985,0.339,0.891,0.42,0.263,0.488,0.594,0.36,0.556,0.736,0.243,0.965,0.1,0.985,0.651,0.9,0.837,0.469,0.304,0.525,0.372,0.308,0.854,0.974,0.539,0.504,0.399,0.114,0.415,0.886,0.45,0.76,0.231,0.148,0.854,0.814,0.587,0.95,0.345,0.095,0.076,0.615,0.006,0.712,0.835,0.326,0.917,0.04,0.142,0.853,0.769,0.207,0.211,0.98,0.628,0.944,0.156,0.16,0.964,0.809,0.472,0.812,0.256,0.33,0.254,0.147,0.168,0.487,0.119,0.825,0.454,0.553,0.85,0.876,0.132,0.107,0.668,0.478,0.349,0.796,0.474,0.8,0.77,0.85,0.34,0.024,0.065,0.674,0.661,0.786,0.813,0.59,0.233,0.801,0.939,0.68,0.077,0.787,0.701,0.569,0.876,0.881,0.884,0.837,0.516,0.086,0.419,0.268,0.34,0.487,0.484,0.496,0.141,0.479,0.755,0.883,0.96,0.318,0.763,0.804,0.324,0.624,0.185,0.498,0.73,0.49,0.039,0.405,0.977,0.255,0.083,0.388,0.151,0.27,0.649,0.517,0.51,0.347,0.097,0.899,0.828,0.188,0.294,0.414,0.296,0.976,0.88,0.225,0.895,0.037,0.558,0.467,0.783,0.469,0.412,0.762,0.315,0.918,0.805,0.653,0.899,0.426,0.624,0.078,0.587,0.257,0.389,0.494,0.851,0.22,0.775,0.419,0.303,0.556,0.548,0.257,0.27,0.952,0.722,0.692,0.596
0.698,0.046,0.239,0.646,0.557,0.167,0.175,0.547,0.636,0.382,0.321,0.493,0.721,0.882,0.234,0.689,0.286,0.302,0.827,0.121,0.941,0.643,0.501,0.377,0.565,0.314,0.155,0.782,0.235,0.367,0.874,0.636,0.419,0.372,0.892,0.253,0.251,0.069,0.595,0.088,0.586,0.912,0.116,0.694,0.048,0.518,0.451,0.293,0.98,0.759,0.645,0.822,0.506,0.07,0.69,0.37,0.111,0.097,0.869,0.378,0.056,0.271,0.618,0.49,0.404,0.902,0.208,0.928,0.537,0.425,0.112,0.466,0.312,0.101,0.132,0.334,0.456,0.705,0.881,0.422,0.76,0.954,0.983,0.583,0.561,0.852,0.145,0.311,0.686,0.132,0.3,0.511,0.686,0.348,0.46,0.063,0.511,0.224,0.991,0.139,0.254,0.22,0.059,0.167,0.763,0.501,0.248,0.341,0.336,0.779,0.522,0.747,0.034,0.387,0.151,0.784,0.584,0.073,0.551,0.923,0.551,0.579,0.744,0.124,0.197,0.235,0.132,0.937,0.174,0.682,0.325,0.923,0.594,0.531,0.034,0.776,0.307,0.327,0.593,0.287,0.25,0.529,0.401,0.004,0.244,0.16,0.381,0.981,0.78,0.237,0.088,0.123,0.545,0.586,0.911,0.857,0.94,0.202,0,0.31,0.338,0.812,0.2,0.834,0.921,0.5,0.134,0.675,0.334,0.871,0.517,0.832,0.482,0.306,0.715,0.166,0.632,0.626,0.912,0.252,0.895,0.947,0.705,0.63,0.938,0.71,0.061,0.295,0.081,0.619,0.082,0.769,0.684,0.558,0.169,0.823,0.256,0.973,0.654,0.395,0.007,0.552,0.42,0.829,0.96,0.6,0.74,0.055,0.53,0.352,0.049,0.818,0.542,0.108,0.781,0.916,0.187,0.486,0.715,0.568,0.944,0.269,0.388,0.451,0.973,0.137,0.135,0.617,0.17,0.423,0.06,0.845,0.688,0.67,0.94,0.186,0.708,0.448,0.53,0.528,0.657,0.966,0.975,0.6,0.456,0.636,0.711,0.022,0.108,0.636,0.365,0.877,0.559,0.437,0.23,0.277,0.759,0.831,0.309,0.385,0.888,0.198,0.436,0.276,0.454,0.011,0.593,0.516,0.918,0.594,0.25,0.96,0.741,0.479,0.899,0.995,0.513,0.198,0.831,0.883,0.208,0.253,0.421,0.97,0.15,0.642,0.297,0.34,0.511,0.795,0.232,0.511,0.98,0.814,0.724,0.168,0.805,0.576,0.279,0.628,0.639,0.512,0.752,0.044,0.108,0.929,0.516,0.815,0.958,0.317,0.128,0.342,0.118,0.832,0.114,0.231,0.22,0.153,0.962,0.151,0.164,0.206,0.818,0.54,0.857,0.529,0.745,0.056,0.092,0.652,0.137,0.586,0.841,0.748,0.301,0.121,0.387,0.99,0.511,0.891,0.971,0.655,0.287,0.343,0.28,0.907,0.339,0.886,0.343,0.427,0.538,0.131,0.755,0.752,0.659,0.826,0.73,0.784,0.896,0.858,0.299,0.604,0.121,0.831,0.554,0.381,0.663,0.891,0.862,0.624,0.649,0.16,0.638,0.841,0.236,0.706,0.523,0.869,0.446,0.648,0.137,0.493,0.433,0.9,0.773,0.535,0.924,0.672,0.604,0.304,0.641,0.413,0.905,0.922,0.003,0.585,0.638,0.22,0.093,0.589,0.472,0.858,0.231,0.976,0.472,0.977,0.231,0.156,0.769,0.399,0.088,0.07,0.902,0.057,0.231,0.936,0.505,0.395,0.352,0.782,0.006,0.957,0.472,0.011,0.928,0.064,0.489,0.365,0.822,0.118,0.927,0.341,0.915,0.999,0.173,0.902,0.728,0.955,0.645,0.946,0.459,0.619,0.55,0.235,0.508,0.46,0.33,0.795,0.985,0.339,0.891,0.42,0.263,0.488,0.086,0.36,0.556,0.736,0.243,0.965,0.1,0.371,0.651,0.9,0.837,0.469,0.304,0.525,0.631,0.308,0.854,0.974,0.539,0.504,0.399,0.563,0.415,0.886,0.45,0.76,0.231,0.148,0.204,0.814,0.587,0.95,0.345,0.095,0.076,0.498,0.006,0.712,0.835,0.326,0.917,0.04,0.148,0.853,0.769,0.207,0.211,0.98,0.628,0.161,0.156,0.16,0.964,0.809,0.472,0.812,0.468,0.33,0.254,0.147,0.168,0.487,0.119,0.701,0.454,0.553,0.85,0.876,0.132,0.107,0.766,0.478,0.349,0.796,0.474,0.8,0.77,0.447,0.34,0.024,0.065,0.674,0.661,0.786,0.002,0.59,0.233,0.801,0.939,0.68,0.077,0.231,0.701,0.569,0.876,0.881,0.884,0.837,0.561,0.086,0.419,0.268,0.34,0.487,0.484,0.882,0.141,0.479,0.755,0.883,0.96,0.318,0.822,0.804,0.324,0.624,0.185,0.498,0.73,0.546,0.039,0.405,0.977,0.255,0.083,0.388,0.757,0.27,0.649,0.517,0.51,0.347,0.097,0.977,0.828,0.188,0.294,0.414,0.296,0.976,0.928,0.225,0.895,0.037,0.558,0.467,0.783,0.402,0.412,0.762,0.315,0.918,0.805,0.653,0.245,0.426,0.624,0.078,0.587,0.257,0.389,0.606,0.851,0.22,0.775,0.419,0.303,0.556,0.938,0.257,0.27,0.952,0.722,0.692,0.596,0.377
0.046,0.239,0.646,0.557,0.167,0.175,0.151,0.636,0.382,0.321,0.493,0.721,0.882,0.971,0.689,0.286,0.302,0.827,0.121,0.941,0.118,0.501,0.377,0.565,0.314,0.155,0.782,0.323,0.367,0.874,0.636,0.419,0.372,0.892,0.396,0.251,0.069,0.595,0.088,0.586,0.912,0.655,0.694,0.048,0.518,0.451,0.293,0.98,0.267,0.645,0.822,0.506,0.07,0.69,0.37,0.323,0.097,0.869,0.378,0.056,0.271,0.618,0.44,0.404,0.902,0.208,0.928,0.537,0.425,0.278,0.466,0.312,0.101,0.132,0.334,0.456,0.052,0.881,0.422,0.76,0.954,0.983,0.583,0.301,0.852,0.145,0.311,0.686,0.132,0.3,0.279,0.686,0.348,0.46,0.063,0.511,0.224,0.044,0.139,0.254,0.22,0.059,0.167,0.763,0.576,0.248,0.341,0.336,0.779,0.522,0.747,0.704,0.387,0.151,0.784,0.584,0.073,0.551,0.537,0.551,0.579,0.744,0.124,0.197,0.235,0.107,0.937,0.174,0.682,0.325,0.923,0.594,0.028,0.034,0.776,0.307,0.327,0.593,0.287,0.826,0.529,0.401,0.004,0.244,0.16,0.381,0.18,0.78,0.237,0.088,0.123,0.545,0.586,0.09,0.857,0.94,0.202,0,0.31,0.338,0.964,0.2,0.834,0.921,0.5,0.134,0.675,0.48,0.871,0.517,0.832,0.482,0.306,0.715,0.69,0.632,0.626,0.912,0.252,0.895,0.947,0.07,0.63,0.938,0.71,0.061,0.295,0.081,0.106,0.082,0.769,0.684,0.558,0.169,0.823,0.873,0.973,0.654,0.395,0.007,0.552,0.42,0.816,0.96,0.6,0.74,0.055,0.53,0.352,0.392,0.818,0.542,0.108,0.781,0.916,0.187,0.54,0.715,0.568,0.944,0.269,0.388,0.451,0.508,0.137,0.135,0.617,0.17,0.423,0.06,0.457,0.688,0.67,0.94,0.186,0.708,0.448,0.742,0.528,0.657,0.966,0.975,0.6,0.456,0.96,0.711,0.022,0.108,0.636,0.365,0.877,0.012,0.437,0.23,0.277,0.759,0.831,0.309,0.087,0.888,0.198,0.436,0.276,0.454,0.011,0.863,0.516,0.918,0.594,0.25,0.96,0.741,0.364,0.899,0.995,0.513,0.198,0.831,0.883,0.245,0.253,0.421,0.97,0.15,0.642,0.297,0.687,0.511,0.795,0.232,0.511,0.98,0.814,0.945,0.168,0.805,0.576,0.279,0.628,0.639,0.33,0.752,0.044,0.108,0.929,0.516,0.815,0.607,0.317,0.128,0.342,0.118,0.832,0.114,0.896,0.22,0.153,0.962,0.151,0.164,0.206,0.866,0.54,0.857,0.529,0.745,0.056,0.092,0.09,0.137,0.586,0.841,0.748,0.301,0.121,0.725,0.99,0.511,0.891,0.971,0.655,0.287,0.014,0.28,0.907,0.339,0.886,0.343,0.427,0.205,0.131,0.755,0.752,0.659,0.826,0.73,0.496,0.896,0.858,0.299,0.604,0.121,0.831,0.244,0.381,0.663,0.891,0.862,0.624,0.649,0.22,0.638,0.841,0.236,0.706,0.523,0.869,0.957,0.648,0.137,0.493,0.433,0.9,0.773,0.017,0.924,0.672,0.604,0.304,0.641,0.413,0.118,0.922,0.003,0.585,0.638,0.22,0.093,0.668,0.472,0.858,0.231,0.976,0.472,0.977,0.745,0.156,0.769,0.399,0.088,0.07,0.902,0.881,0.231,0.936,0.505,0.395,0.352,0.782,0.012,0.957,0.472,0.011,0.928,0.064,0.489,0.656,0.822,0.118,0.927,0.341,0.915,0.999,0.483,0.902,0.728,0.955,0.645,0.946,0.459,0.947,0.55,0.235,0.508,0.46,0.33,0.795,0.777,0.339,0.891,0.42,0.263,0.488,0.086,0.378,0.556,0.736,0.243,0.965,0.1,0.371,0.238,0.9,0.837,0.469,0.304,0.525,0.631,0.993,0.854,0.974,0.539,0.504,0.399,0.563,0.937,0.886,0.45,0.76,0.231,0.148,0.204,0.952,0.587,0.95,0.345,0.095,0.076,0.498,0.072,0.712,0.835,0.326,0.917,0.04,0.148,0.909,0.769,0.207,0.211,0.98,0.628,0.161,0.085,0.16,0.964,0.809,0.472,0.812,0.468,0.518,0.254,0.147,0.168,0.487,0.119,0.701,0.358,0.553,0.85,0.876,0.132,0.107,0.766,0.335,0.349,0.796,0.474,0.8,0.77,0.447,0.396,0.024,0.065,0.674,0.661,0.786,0.002,0.65,0.233,0.801,0.939,0.68,0.077,0.231,0.277,0.569,0.876,0.881,0.884,0.837,0.561,0.864,0.419,0.268,0.34,0.487,0.484,0.882,0.131,0.479,0.755,0.883,0.96,0.318,0.822,0.628,0.324,0.624,0.185,0.498,0.73,0.546,0.08,0.405,0.977,0.255,0.083,0.388,0.757,0.063,0.649,0.517,0.51,0.347,0.097,0.977,0.394,0.188,0.294,0.414,0.296,0.976,0.928,0.768,0.895,0.037,0.558,0.467,0.783,0.402,0.569,0.762,0.315,0.918,0.805,0.653,0.245,0.283,0.624,0.078,0.587,0.257,0.389,0.606,0.586,0.22,0.775,0.419,0.303,0.556,0.938,0.437,0.27,0.952,0.722,0.692,0.596,0.377,0.958
0.239,0.646,0.557,0.167,0.175,0.151,0.444,0.382,0.321,0.493,0.721,0.882,0.971,0.292,0.286,0.302,0.827,0.121,0.941,0.118,0.376,0.377,0.565,0.314,0.155,0.782,0.323,0.985,0.874,0.636,0.419,0.372,0.892,0.396,0.802,0.069,0.595,0.088,0.586,0.912,0.655,0.307,0.048,0.518,0.451,0.293,0.98,0.267,0.148,0.822,0.506,0.07,0.69,0.37,0.323,0.792,0.869,0.378,0.056,0.271,0.618,0.44,0.477,0.902,0.208,0.928,0.537,0.425,0.278,0.151,0.312,0.101,0.132,0.334,0.456,0.052,0.676,0.422,0.76,0.954,0.983,0.583,0.301,0.042,0.145,0.311,0.686,0.132,0.3,0.279,0.844,0.348,0.46,0.063,0.511,0.224,0.044,0.946,0.254,0.22,0.059,0.167,0.763,0.576,0.978,0.341,0.336,0.779,0.522,0.747,0.704,0.05,0.151,0.784,0.584,0.073,0.551,0.537,0.509,0.579,0.744,0.124,0.197,0.235,0.107,0.14,0.174,0.682,0.325,0.923,0.594,0.028,0.032,0.776,0.307,0.327,0.593,0.287,0.826,0.523,0.401,0.004,0.244,0.16,0.381,0.18,0.983,0.237,0.088,0.123,0.545,0.586,0.09,0.103,0.94,0.202,0,0.31,0.338,0.964,0.858,0.834,0.921,0.5,0.134,0.675,0.48,0.515,0.517,0.832,0.482,0.306,0.715,0.69,0.526,0.626,0.912,0.252,0.895,0.947,0.07,0.351,0.938,0.71,0.061,0.295,0.081,0.106,0.664,0.769,0.684,0.558,0.169,0.823,0.873,0.707,0.654,0.395,0.007,0.552,0.42,0.816,0.847,0.6,0.74,0.055,0.53,0.352,0.392,0.834,0.542,0.108,0.781,0.916,0.187,0.54,0.317,0.568,0.944,0.269,0.388,0.451,0.508,0.565,0.135,0.617,0.17,0.423,0.06,0.457,0.626,0.67,0.94,0.186,0.708,0.448,0.742,0.298,0.657,0.966,0.975,0.6,0.456,0.96,0.369,0.022,0.108,0.636,0.365,0.877,0.012,0.891,0.23,0.277,0.759,0.831,0.309,0.087,0.41,0.198,0.436,0.276,0.454,0.011,0.863,0.753,0.918,0.594,0.25,0.96,0.741,0.364,0.304,0.995,0.513,0.198,0.831,0.883,0.245,0.996,0.421,0.97,0.15,0.642,0.297,0.687,0.873,0.795,0.232,0.511,0.98,0.814,0.945,0.178,0.805,0.576,0.279,0.628,0.639,0.33,0.553,0.044,0.108,0.929,0.516,0.815,0.607,0.84,0.128,0.342,0.118,0.832,0.114,0.896,0.488,0.153,0.962,0.151,0.164,0.206,0.866,0.51,0.857,0.529,0.745,0.056,0.092,0.09,0.085,0.586,0.841,0.748,0.301,0.121,0.725,0.26,0.511,0.891,0.971,0.655,0.287,0.014,0.791,0.907,0.339,0.886,0.343,0.427,0.205,0.678,0.755,0.752,0.659,0.826,0.73,0.496,0.55,0.858,0.299,0.604,0.121,0.831,0.244,0.382,0.663,0.891,0.862,0.624,0.649,0.22,0.614,0.841,0.236,0.706,0.523,0.869,0.957,0.906,0.137,0.493,0.433,0.9,0.773,0.017,0.397,0.672,0.604,0.304,0.641,0.413,0.118,0.404,0.003,0.585,0.638,0.22,0.093,0.668,0.647,0.858,0.231,0.976,0.472,0.977,0.745,0.104,0.769,0.399,0.088,0.07,0.902,0.881,0.618,0.936,0.505,0.395,0.352,0.782,0.012,0.092,0.472,0.011,0.928,0.064,0.489,0.656,0.067,0.118,0.927,0.341,0.915,0.999,0.483,0.296,0.728,0.955,0.645,0.946,0.459,0.947,0.381,0.235,0.508,0.46,0.33,0.795,0.777,0.75,0.891,0.42,0.263,0.488,0.086,0.378,0.226,0.736,0.243,0.965,0.1,0.371,0.238,0.064,0.837,0.469,0.304,0.525,0.631,0.993,0.622,0.974,0.539,0.504,0.399,0.563,0.937,0.868,0.45,0.76,0.231,0.148,0.204,0.952,0.078,0.95,0.345,0.095,0.076,0.498,0.072,0.711,0.835,0.326,0.917,0.04,0.148,0.909,0.211,0.207,0.211,0.98,0.628,0.161,0.085,0.599,0.964,0.809,0.472,0.812,0.468,0.518,0.849,0.147,0.168,0.487,0.119,0.701,0.358,0.704,0.85,0.876,0.132,0.107,0.766,0.335,0.739,0.796,0.474,0.8,0.77,0.447,0.396,0.347,0.065,0.674,0.661,0.786,0.002,0.65,0.223,0.801,0.939,0.68,0.077,0.231,0.277,0.59,0.876,0.881,0.884,0.837,0.561,0.864,0.079,0.268,0.34,0.487,0.484,0.882,0.131,0.309,0.755,0.883,0.96,0.318,0.822,0.628,0.9,0.624,0.185,0.498,0.73,0.546,0.08,0.343,0.977,0.255,0.083,0.388,0.757,0.063,0.902,0.517,0.51,0.347,0.097,0.977,0.394,0.033,0.294,0.414,0.296,0.976,0.928,0.768,0.626,0.037,0.558,0.467,0.783,0.402,0.569,0.86,0.315,0.918,0.805,0.653,0.245,0.283,0.591,0.078,0.587,0.257,0.389,0.606,0.586,0.261,0.775,0.419,0.303,0.556,0.938,0.437,0.818,0.952,0.722,0.692,0.596,0.377,0.958,0.333
0.646,0.557,0.167,0.175,0.151,0.444,0.436,0.321,0.493,0.721,0.882,0.971,0.292,0.691,0.302,0.827,0.121,0.941,0.118,0.376,0.904,0.565,0.314,0.155,0.782,0.323,0.985,0.447,0.636,0.419,0.372,0.892,0.396,0.802,0.5,0.595,0.088,0.586,0.912,0.655,0.307,0.028,0.518,0.451,0.293,0.98,0.267,0.148,0.875,0.506,0.07,0.69,0.37,0.323,0.792,0.237,0.378,0.056,0.271,0.618,0.44,0.477,0.877,0.208,0.928,0.537,0.425,0.278,0.151,0.281,0.101,0.132,0.334,0.456,0.052,0.676,0.126,0.76,0.954,0.983,0.583,0.301,0.042,0.589,0.311,0.686,0.132,0.3,0.279,0.844,0.262,0.46,0.063,0.511,0.224,0.044,0.946,0.231,0.22,0.059,0.167,0.763,0.576,0.978,0.675,0.336,0.779,0.522,0.747,0.704,0.05,0.827,0.784,0.584,0.073,0.551,0.537,0.509,0.959,0.744,0.124,0.197,0.235,0.107,0.14,0.882,0.682,0.325,0.923,0.594,0.028,0.032,0.788,0.307,0.327,0.593,0.287,0.826,0.523,0.372,0.004,0.244,0.16,0.381,0.18,0.983,0.705,0.088,0.123,0.545,0.586,0.09,0.103,0.534,0.202,0,0.31,0.338,0.964,0.858,0.293,0.921,0.5,0.134,0.675,0.48,0.515,0.686,0.832,0.482,0.306,0.715,0.69,0.526,0.421,0.912,0.252,0.895,0.947,0.07,0.351,0.095,0.71,0.061,0.295,0.081,0.106,0.664,0.706,0.684,0.558,0.169,0.823,0.873,0.707,0.407,0.395,0.007,0.552,0.42,0.816,0.847,0.633,0.74,0.055,0.53,0.352,0.392,0.834,0.587,0.108,0.781,0.916,0.187,0.54,0.317,0.515,0.944,0.269,0.388,0.451,0.508,0.565,0.545,0.617,0.17,0.423,0.06,0.457,0.626,0.713,0.94,0.186,0.708,0.448,0.742,0.298,0.628,0.966,0.975,0.6,0.456,0.96,0.369,0.442,0.108,0.636,0.365,0.877,0.012,0.891,0.029,0.277,0.759,0.831,0.309,0.087,0.41,0.375,0.436,0.276,0.454,0.011,0.863,0.753,0.318,0.594,0.25,0.96,0.741,0.364,0.304,0.39,0.513,0.198,0.831,0.883,0.245,0.996,0.946,0.97,0.15,0.642,0.297,0.687,0.873,0.06,0.232,0.511,0.98,0.814,0.945,0.178,0.554,0.576,0.279,0.628,0.639,0.33,0.553,0.305,0.108,0.929,0.516,0.815,0.607,0.84,0.215,0.342,0.118,0.832,0.114,0.896,0.488,0.822,0.962,0.151,0.164,0.206,0.866,0.51,0.5,0.529,0.745,0.056,0.092,0.09,0.085,0.516,0.841,0.748,0.301,0.121,0.725,0.26,0.177,0.891,0.971,0.655,0.287,0.014,0.791,0.886,0.339,0.886,0.343,0.427,0.205,0.678,0.036,0.752,0.659,0.826,0.73,0.496,0.55,0.212,0.299,0.604,0.121,0.831,0.244,0.382,0.861,0.891,0.862,0.624,0.649,0.22,0.614,0.973,0.236,0.706,0.523,0.869,0.957,0.906,0.001,0.493,0.433,0.9,0.773,0.017,0.397,0.76,0.604,0.304,0.641,0.413,0.118,0.404,0.725,0.585,0.638,0.22,0.093,0.668,0.647,0.883,0.231,0.976,0.472,0.977,0.745,0.104,0.705,0.399,0.088,0.07,0.902,0.881,0.618,0.116,0.505,0.395,0.352,0.782,0.012,0.092,0.331,0.011,0.928,0.064,0.489,0.656,0.067,0.119,0.927,0.341,0.915,0.999,0.483,0.296,0.106,0.955,0.645,0.946,0.459,0.947,0.381,0.44,0.508,0.46,0.33,0.795,0.777,0.75,0.74,0.42,0.263,0.488,0.086,0.378,0.226,0.892,0.243,0.965,0.1,0.371,0.238,0.064,0.086,0.469,0.304,0.525,0.631,0.993,0.622,0.162,0.539,0.504,0.399,0.563,0.937,0.868,0.811,0.76,0.231,0.148,0.204,0.952,0.078,0.588,0.345,0.095,0.076,0.498,0.072,0.711,0.474,0.326,0.917,0.04,0.148,0.909,0.211,0.28,0.211,0.98,0.628,0.161,0.085,0.599,0.19,0.809,0.472,0.812,0.468,0.518,0.849,0.088,0.168,0.487,0.119,0.701,0.358,0.704,0.538,0.876,0.132,0.107,0.766,0.335,0.739,0.876,0.474,0.8,0.77,0.447,0.396,0.347,0.543,0.674,0.661,0.786,0.002,0.65,0.223,0.907,0.939,0.68,0.077,0.231,0.277,0.59,0.036,0.881,0.884,0.837,0.561,0.864,0.079,0.239,0.34,0.487,0.484,0.882,0.131,0.309,0.195,0.883,0.96,0.318,0.822,0.628,0.9,0.715,0.185,0.498,0.73,0.546,0.08,0.343,0.114,0.255,0.083,0.388,0.757,0.063,0.902,0.78,0.51,0.347,0.097,0.977,0.394,0.033,0.517,0.414,0.296,0.976,0.928,0.768,0.626,0.303,0.558,0.467,0.783,0.402,0.569,0.86,0.857,0.918,0.805,0.653,0.245,0.283,0.591,0.186,0.587,0.257,0.389,0.606,0.586,0.261,0.116,0.419,0.303,0.556,0.938,0.437,0.818,0.933,0.722,0.692,0.596,0.377,0.958,0.333,0.435
